2344,Clairo,Sling,7,https://youtu.be/VJylCsmlXUk
2341,Twin Shadow,Twin Shadow,8,https://youtu.be/GqV5df08bTs
2340,Vince Staples,Vince Staples,7,https://www.youtube.com/watch?v=E4Qm0wH8p8M
2339,Tkay Maidza,"Last Year Was Weird, Vol. 3",7,https://youtu.be/oHamL-uvA-0
2338,Lucy Dacus,Home Video,7,https://www.youtube.com/watch?v=oDf4V3nUOUg
2337,Spellling,The Turning Wheel,10,https://youtu.be/rTaUAz5xrD4
2333,"Tyler, the Creator",CALL ME IF YOU GET LOST,8,https://youtu.be/DTsUahG-6us
2332,Hiatus Kaiyote,Mood Valiant,7,https://www.youtube.com/watch?v=UXJxwRuOGsY
2331,Backxwash,I Lie Here Buried With My Rings and My Dresses,8,https://youtu.be/6kWWLOampOM
2329,Dean Blunt,Black Metal 2,7,https://youtu.be/TYE930nQfig
2323,Japanese Breakfast,Jubilee,7,https://www.youtube.com/watch?v=ojnqYC34JOQ
2321,Sweet Trip,"A Tiny House, in Secret Speeches, Polar Equals",7,https://youtu.be/si-WIvjw1e8
2316,black midi,Cavalcade,8,https://youtu.be/mmMrsCBFflE
2315,Mach-Hommy,Pray For Haiti,7,https://youtu.be/_6w4v3U2RfY
2314,Olivia Rodrigo,SOUR,7,https://youtu.be/A5jD5agdfww
2312,Panopticon,...And Again Into the Light,8,https://www.youtube.com/watch?v=58of4qFifBM
2311,St. Vincent,Daddy's Home,9,https://www.youtube.com/watch?v=Nm2K9usYpfY
2310,Sons of Kemet,Black To The Future,7,https://youtu.be/8_MdFmLSbaY
2309,J. Cole,The Off-Season,7,https://www.youtube.com/watch?v=cxwUIsWlbQ0
2307,Iceage,Seek Shelter,7,https://youtu.be/ZF_5WgwihL4
2305,Squid,Bright Green Field,7,https://youtu.be/7KYnTi0PeoA
2304,Gojira,Fortitude,7,https://youtu.be/yxpMwGDITfU
2301,Sematary,Rainbow Bridge 3,8,https://www.youtube.com/watch?v=1WC988EhgZM
2299,Porter Robinson,Nurture,8,https://youtu.be/NKtqB-SFIaw
2298,Jeff Rosenstock,SKA DREAM,8,https://youtu.be/OvJVJwVKRPY
2296,Cannibal Corpse,Violence Unimagined,7,https://youtu.be/6lqoxQzTOgc
2294,Conway the Machine,La Maquina,7,https://youtu.be/hUNsDB_FMsY
2292,SPIRIT OF THE BEEHIVE,"ENTERTAINMENT, DEATH",7,https://youtu.be/1JzDzuX4i7E
2291,BROCKHAMPTON,"ROADRUNNER: NEW LIGHT, NEW MACHINE",8,https://youtu.be/D-fk0AjWYiM
2290,Godspeed You! Black Emperor,G_d's Pee AT STATE'S END!,7,https://youtu.be/NzuJI3DSdcY
2286,Xiu Xiu,Oh No,7,https://www.youtube.com/watch?v=Adbj6nehBP8
2283,"Floating Points, Pharoah Sanders & The London Symphony Orchestra",Promises,9,https://youtu.be/e0FQqOXsh1E
2282,tUnE-yArDs,sketchy.,7,https://www.youtube.com/watch?v=pnbyue-Jh9k
2281,Armand Hammer & The Alchemist,HARAM,8,https://youtu.be/q492csLww8c
2280,Benny The Butcher & Harry Fraud,The Plugs I Met 2,7,https://youtu.be/zgixzZYYM8Q
2279,Lana Del Rey,Chemtrails Over the Country Club,7,https://youtu.be/One2rMI8chY
2277,Feu! Chatterton,Palais d'argile,8,https://youtu.be/Dhk8GHeyrkQ
2275,Genesis Owusu,Smiling With No Teeth,8,https://youtu.be/-WCSorcTE4I
2274,Altın Gün,Yol,7,https://youtu.be/1ZTRms95AKs
2271,Rural Internet,breaking up.,7,https://youtu.be/X6d79bon-n8
2270,C. Tangana,El Madrileño,7,https://youtu.be/KhdvNC7z8FE
2269,King Gizzard and the Lizard Wizard,L.W.,7,https://youtu.be/reMxrzKTyNU
2268,Nick Cave & Warren Ellis,CARNAGE,8,https://youtu.be/UABXnP_1i-s
2265,Black Dresses,Forever In Your Heart,8,https://youtu.be/xkI9StSO9AM
2264,slowthai,TYRON,8,https://www.youtube.com/watch?v=WMAcwJ5lUzE
2262,Ad Nauseam,Imperative Imperceptible Impulse,8,https://www.youtube.com/watch?v=CWqSCn0SG10
2259,"Black Country, New Road",For the first time,8,https://youtu.be/EYiFXbhAwxg
2258,Conway & Big Ghost Ltd.,IF IT BLEEDS IT CAN BE KILLED,7,https://youtu.be/OxTYIlBoE6Y
2255,The Body,I've Seen All I Need to See,7,https://youtu.be/T2KxQVMzLUM
2254,Weezer,OK Human,8,https://youtu.be/_PM2RMx7zTY
2253,Madlib,Sound Ancestors,7,https://youtu.be/4Sqd7rXJqEw
2247,Viagra Boys,Welfare Jazz,8,https://youtu.be/ru9qiOXq4ec
2246,Jazmine Sullivan,Heaux Tales,8,https://youtu.be/-bOIen0lY4s
2243,Navy Blue,Song of Sage: Post Panic!,7,https://youtu.be/-7a9rH2_5Aw
2241,Taylor Swift,evermore,7,https://youtu.be/W9cOKfKW1Us
2239,Kid Cudi,Man On The Moon III: The Chosen,7,https://youtu.be/53LfL3gPGSc
2238,Moor Mother & Billy Woods,BRASS,8,https://youtu.be/COMIHVbDRcs
2236,Rico Nasty,Nightmare Vacation,7,https://youtu.be/vB_y--drYjM
2235,Ichiko Aoba,アダンの風 (Windswept Adan),9,https://www.youtube.com/watch?v=KK29Ry8Zx2I
2230,Liturgy,Origin of the Alimonies,8,https://youtu.be/u2tGz8rtZHQ
2229,Them Airs,Doped Runner Verse,7,https://www.youtube.com/watch?v=ELUAGpc43tg
2227,Kali Uchis,Sin Miedo (del Amor y Otros Demonios) ∞,7,https://youtu.be/X63OVtokffA
2225,Aesop Rock,Spirit World Field Guide,7,https://youtu.be/Y_ypI1026i4
2224,William Basinski,Lamentations,7,https://youtu.be/f0R4T8xaS04
2221,Bring Me The Horizon,POST HUMAN: SURVIVAL HORROR,8,https://www.youtube.com/watch?v=u7IJtooEuL0
2215,Jean Dawson,PIXEL BATH,7,https://youtu.be/ScTQqlZL3EQ
2214,Gorillaz,"Song Machine, Season One: Strange Timez",8,https://www.youtube.com/watch?v=G7s5snuMMJA
2213,Adrianne Lenker,songs,8,https://www.youtube.com/watch?v=Czumt_lyu10
2212,clipping.,Visions of Bodies Being Burned,9,https://www.youtube.com/watch?v=0XxT334Qbuc
2211,Dorian Electra,My Agenda,8,https://youtu.be/aNEPvtcuFj0
2209,Benny The Butcher,Burden of Proof,7,https://youtu.be/fFWKlgG1MGw
2207,Black Thought,"Streams of Thought, Vol. 3: Cane And Abel",7,https://youtu.be/qe-l_W8hFf4
2202,21 Savage & Metro Boomin,Savage Mode II,7,https://www.youtube.com/watch?v=sg00wSP-iVQ
2199,Anna von Hausswolff,All Thoughts Fly,7,https://youtu.be/yTOaO2T2lPA
2194,Idles,Ultra Mono,8,https://youtu.be/6dGoe-1csKY
2193,Undeath,Lesions of a Different Kind,8,https://youtu.be/gyQWxeaqJ3M
2192,Clown Core,Van,7,https://youtu.be/R68JzG7Vb7w
2191,Fleet Foxes,Shore,7,https://www.youtube.com/watch?v=5BQYIgXtxUM
2187,Conway the Machine,From King To A GOD,8,https://youtu.be/qjy2K0mTmb4
2186,The Flaming Lips,American Head,8,https://www.youtube.com/watch?v=pDfAUTPkgWo
2182,Big Sean,Detroit 2,7,https://youtu.be/exQ6iwxmsIo
2180,Lobsterfight,"pink, black, and orange in the corners.",7,https://youtu.be/yC62_qaVX8E
2178,Sevdaliza,Shabrang,8,https://www.youtube.com/watch?v=cCfGhfKa7cI
2174,Nas,King's Disease,7,https://youtu.be/bC57B3zsv3k
2173,Meridian Brothers,Cumbia Siglo XXI,8,https://youtu.be/s15wXPP1UNw
2172,Matmos,The Consuming Flame: Open Exercises in Group Form,8,https://youtu.be/n-g7m_ROyds
2169,Primitive Man,Immersion,7,https://youtu.be/nmjp97NtrRI
2166,Aminé,Limbo,7,https://www.youtube.com/watch?v=8M42PpvvHSY
2165,The Microphones,Microphones in 2020,7,https://www.youtube.com/watch?v=tva9Kl62-Ck
2162,Imperial Triumphant,Alphaville,8,https://youtu.be/dOLtyjU0oVg
2159,Taylor Swift,folklore,7,https://youtu.be/q-kaDVK_FT0
2158,Spirit Possession,Spirit Possession,7,https://youtu.be/AQzJxUAq7Is
2157,Logic,No Pressure,7,https://www.youtube.com/watch?v=-oZIQdDQfro
2156,Boldy James & Sterling Toles,Manger On McNichols,8,https://youtu.be/KD-UKHZaycQ
2155,Blu & Exile,Miles,9,https://youtu.be/1PYyjFW5opc
2154,Oliver Tree,Ugly is Beautiful,7,https://youtu.be/cKr7-euUE1E
2153,Lianne La Havas,Lianne La Havas,8,https://youtu.be/kgM9K3Jc4bA
2149,Juice WRLD,Legends Never Die,7,https://youtu.be/R_wr9G1FoQI
2148,100 gecs,1000 gecs and the Tree of Clues,7,https://www.youtube.com/watch?v=VroOqGuEhbA
2146,Boris,NO,8,https://www.youtube.com/watch?v=6HodlyNwmoU
2145,Arca,KiCk i,7,https://youtu.be/D-R_7gVb6lY
2143,Jessie Ware,What's Your Pleasure?,9,https://www.youtube.com/watch?v=JzXm3T1bF9E
2140,Klô Pelgag,Notre-Dame-des-Sept-Douleurs,7,https://youtu.be/JuXK6ggAtaI
2139,HAIM,Women in Music Pt. III,8,https://www.youtube.com/watch?v=iwTOEASFyfk
2134,The Koreatown Oddity,Little Dominiques Nosebleed,8,https://www.youtube.com/watch?v=SQl6PpyNZ14
2133,Baauer,Planet's Mad,7,https://www.youtube.com/watch?v=nqcrG0QCzwE
2132,Phoebe Bridgers,Punisher,8,https://www.youtube.com/watch?v=quifKaDZuU0
2131,Chloe x Halle,Ungodly Hour,8,https://www.youtube.com/watch?v=zCr5tYVgqbo
2130,Chromeo,Quarantine Casanova,7,https://youtu.be/7GhNlAroN20
2129,Armand Hammer,Shrines,7,https://www.youtube.com/watch?v=24EwvWeTdH4
2128,Run the Jewels,RTJ4,8,https://www.youtube.com/watch?v=gZ_FvwAqYSw
2126,Freddie Gibbs & The Alchemist,Alfredo,8,https://www.youtube.com/watch?v=sD93lPFOY6s
2124,Lady Gaga,Chromatica,7,https://www.youtube.com/watch?v=yfdRolzdLVE
2123,Deerhoof,Future Teenage Cave Artists,8,https://www.youtube.com/watch?v=xjNG90UjuII
2122,Backxwash,God Has Nothing To Do With This Leave Him Out Of It,8,https://www.youtube.com/watch?v=OBcYr05W8Cs
2119,Carly Rae Jepsen,Dedicated Side B,7,https://www.youtube.com/watch?v=mdGnwTmXmCs
2118,Jeff Rosenstock,NO DREAM,8,https://www.youtube.com/watch?v=nyy8_TisAlE
2117,Charli XCX,how i'm feeling now,8,https://www.youtube.com/watch?v=HRZcBNjlPQI
2114,Perfume Genius,Set My Heart on Fire Immediately,8,https://www.youtube.com/watch?v=0vFTfoOavRM
2113,Polo G,The GOAT,7,https://www.youtube.com/watch?v=s14hal4OKJg
2112,Moses Sumney,græ,7,https://www.youtube.com/watch?v=nwJ88RCBcfE
2111,Natalia Lafourcade,"Un Canto por México, Vol. 1",8,https://www.youtube.com/watch?v=wTbjkUPpbhA
2109,Dope Body,Home Body,8,https://www.youtube.com/watch?v=Uka2_LVDiv8
2107,KA,Descendants Of Cain,7,https://www.youtube.com/watch?v=VEm5LU1YfeA
2100,Quelle Chris & Chris Keys,Innocent Country 2,8,https://www.youtube.com/watch?v=o_dycSOZtm8
2099,Moor Mother & Mental Jewelry,True Opera,8,https://www.youtube.com/watch?v=QsOyGQljH_M
2098,Rina Sawayama,SAWAYAMA,8,https://www.youtube.com/watch?v=SyWmV_oD2us
2097,Fiona Apple,Fetch the Bolt Cutters,7,https://www.youtube.com/watch?v=XGTBxV-RLwI
2096,Oranssi Pazuzu,Mestarin kynsi,7,https://www.youtube.com/watch?v=9_49mZZwlBM
2095,Lido Pimienta,Miss Colombia,8,https://www.youtube.com/watch?v=x0GzWxPJQUs
2092,Black Dresses,Peaceful as Hell,9,https://www.youtube.com/watch?v=fAgo_BNUB_g
2091,Laura Marling,Song For Our Daughter,9,https://www.youtube.com/watch?v=ddy8WPKFDb4
2090,The Strokes,The New Abnormal,8,https://www.youtube.com/watch?v=TXWQ_pl76Y0
2088,Yves Tumor,Heaven To A Tortured Mind,7,https://www.youtube.com/watch?v=RlRvesjS9rE
2085,Nicolas Jaar,Cenizas,8,https://youtu.be/p_Db3vDJuWU
2084,Dua Lipa,Future Nostalgia,7,https://www.youtube.com/watch?v=tpyQzfYDh1Y
2079,The Weeknd,After Hours,7,https://youtu.be/GpyoyfxLmCU
2076,Code Orange,Underneath,8,https://www.youtube.com/watch?v=hh1y2FbdHvA
2074,Horse Lords,The Common Task,8,https://www.youtube.com/watch?v=NfGPMT6RNJU
2068,R.A.P. Ferreira,Purple Moonlight Pages,8,https://www.youtube.com/watch?v=kJb6Lz5frq4
2067,Bad Bunny,YHLQMDLG,7,https://www.youtube.com/watch?v=cVCZGlcW3lA
2066,Caribou,Suddenly,7,https://www.youtube.com/watch?v=7aA6NOJtjew
2064,Princess Nokia,Everything Sucks,7,https://www.youtube.com/watch?v=Ui0JUOZBPls
2062,Gupi,None,7,https://www.youtube.com/watch?v=jR3hyPi0Dbc
2058,King Krule,Man Alive!,8,https://youtu.be/cTUxGqQBPFM
2054,Against All Logic,2017 - 2019,8,https://www.youtube.com/watch?v=Sv78vDGcoFU
2053,Denzel Curry & Kenny Beats,UNLOCKED,8,https://www.youtube.com/watch?v=NcK1A9uPMQ8
2050,HMLTD,West of Eden,8,https://www.youtube.com/watch?v=1hy6OiHZWrQ
2048,Dan Deacon,Mystic Familiar,8,https://www.youtube.com/watch?v=kO_RRl27BFU
2045,Kesha,High Road,7,https://www.youtube.com/watch?v=e7p-ucdI5_I
2042,Mac Miller,Circles,8,https://www.youtube.com/watch?v=7ndtSyn6dVg
2039,Poppy,I Disagree,8,https://www.youtube.com/watch?v=t9vCCWuoF0k
2037,Stormzy,Heavy Is the Head,8,https://www.youtube.com/watch?v=S5JcFNvl3kE
2036,City Morgue,City Morgue Vol. 2: As Good As Dead,7,https://www.youtube.com/watch?v=nVu04X08uDI
2034,Roddy Ricch,Please Excuse Me for Being Antisocial,7,https://www.youtube.com/watch?v=ous6t-Mu-3Q
2032,JME,Grime MC,7,https://www.youtube.com/watch?v=z_4PLzU3RiE
2031,Griselda,WWCD,7,https://www.youtube.com/watch?v=xF2BvFkMieA
2030,ECCO2K,E,7,https://www.youtube.com/watch?v=zX1r4cczTT0
2023,Liturgy,H.A.Q.Q.,9,https://www.youtube.com/watch?v=NMsEzAg_E7o
2022,TNGHT,II,7,https://youtu.be/jeFLQSy2uFQ
2020,FKA twigs,MAGDALENE,7,https://www.youtube.com/watch?v=auy8wEk7Fww
2015,Michael Kiwanuka,Kiwanuka,7,https://www.youtube.com/watch?v=4pRxNcHyxKQ
2014,Gang Starr,One of the Best Yet,7,https://www.youtube.com/watch?v=UtL5_lw0xtI
2012,Sunn O))),Pyroclasts,8,https://www.youtube.com/watch?v=3mE4p3Ctlek
2010,Swans,Leaving Meaning.,7,https://www.youtube.com/watch?v=sOBY0PcjusQ
2008,Anamanaguchi,[USA],8,https://www.youtube.com/watch?v=Ue7WGgA_2_Q
2006,clipping.,There Existed an Addiction to Blood,8,https://www.youtube.com/watch?v=jtPlfmhPnNg
2005,Matana Roberts,COIN COIN Chapter Four: Memphis,9,https://www.youtube.com/watch?v=1J3s6wbc-S4
2004,Caroline Polachek,Pang,8,https://www.youtube.com/watch?v=ieXeM1YpqDg
2003,Lim Kim,Generasian,7,https://www.youtube.com/watch?v=CafRD-uvYXs
2002,Richard Dawson,2020,9,https://www.youtube.com/watch?v=fpATa8UJPh8
2001,Lightning Bolt,Sonic Citadel,8,https://www.youtube.com/watch?v=sZzwK3n_KEI
2000,Big Thief,Two Hands,7,https://www.youtube.com/watch?v=FhuRfJsjs-A
1999,Yazz Ahmed,Polyhymnia,8,https://www.youtube.com/watch?v=P-A-j2rlsvo
1997,Nick Cave & The Bad Seeds,Ghosteen,7,https://www.youtube.com/watch?v=9mhJ74tBV0E
1996,Danny Brown,uknowhatimsayin¿,8,https://www.youtube.com/watch?v=V2ZTJ8oD4TQ
1991,Brittany Howard,Jaime,7,https://www.youtube.com/watch?v=avfDv8uY3Ys
1989,"BABii, Kai Whiston, Iglooghost",XYZ,7,https://www.youtube.com/watch?v=XVVtKcvQ5vM
1987,Ana Frango Elétrico,Little Electric Chicken Heart,8,https://www.youtube.com/watch?v=Ufd4o67Ze6w
1986,Hobo Johnson,The Fall of Hobo Johnson,8,https://www.youtube.com/watch?v=Nm1tOpo5Pwo
1984,Alex Cameron,Miami Memory,8,https://www.youtube.com/watch?v=cRO0BuhzDsw
1983,Charli XCX,Charli,9,https://www.youtube.com/watch?v=nA-_v2cJges
1981,JPEGMAFIA,All My Heroes Are Cornballs,8,https://www.youtube.com/watch?v=ZGmQ9_ceFoY
1978,The Highwomen,The Highwomen,8,https://www.youtube.com/watch?v=1Cwqhd2me2U
1975,Lana Del Rey,Norman Fucking Rockwell!,8,https://www.youtube.com/watch?v=9fewwAkSrCw
1973,BROCKHAMPTON,GINGER,8,https://www.youtube.com/watch?v=B7oeiUvMqXA
1971,Rapsody,Eve,7,https://www.youtube.com/watch?v=L_xu6Koreqs
1969,Tropical Fuck Storm,Braindrops,8,https://www.youtube.com/watch?v=hItRO3zBdcw
1968,King Gizzard and the Lizard Wizard,Infest the Rats' Nest,8,https://www.youtube.com/watch?v=Puf8WJjnS4I
1966,Blanck Mass,Animated Violence Mild,7,https://youtu.be/CDzYqHFilZU
1964,Young Thug,So Much Fun,7,https://www.youtube.com/watch?v=l8jKCfUx-Oc
1961,Oliver Tree,Do You Feel Me?,7,https://www.youtube.com/watch?v=65E7N6xPZ7I
1956,Swain,Negative Space,7,https://www.youtube.com/watch?v=uo6oJFhvW3s
1955,Cordae,The Lost Boy,7,https://www.youtube.com/watch?v=yWHHr0EFWWw
1953,Lingua Ignota,Caligula,9,https://www.youtube.com/watch?v=QOwE58DvVQ8
1952,Dorian Electra,Flamboyant,8,https://www.youtube.com/watch?v=xg9JtJJ11nc
1950,Purple Mountains,Purple Mountains,8,https://www.youtube.com/watch?v=Vw-Hh4kg9q4
1946,Poppy,CHOKE,7,https://youtu.be/h1KpujmB5Q4
1943,Freddie Gibbs & Madlib,Bandana,8,https://www.youtube.com/watch?v=zN-S-2NIYLU
1942,Thom Yorke,ANIMA,7,https://www.youtube.com/watch?v=jV-Ziiole98
1941,black midi,schlagenheim,8,https://www.youtube.com/watch?v=vqmCLg0zoyo
1939,Kirin J Callinan,Return to Center,8,https://www.youtube.com/watch?v=EbkAfmNLmwM
1935,Daphni,Sizzling,8,https://www.youtube.com/watch?v=KCSpWqfn6Qk
1933,Bill Callahan,Shepherd in a Sheepskin Vest,7,https://www.youtube.com/watch?v=_qziLUViJtU
1932,Prince,Originals,8,https://www.youtube.com/watch?v=HOK54fBv90E
1930,Denzel Curry,ZUU,8,https://www.youtube.com/watch?v=SAnc49e-G08
1929,100 gecs,1000 gecs,7,https://www.youtube.com/watch?v=IhxPVSz5IFY
1925,Glass Beach,the first glass beach album,7,https://www.youtube.com/watch?v=GLyTw0trKM0
1924,Injury Reserve,Injury Reserve,7,https://www.youtube.com/watch?v=vpnfhLVkpLQ
1923,"Tyler, the Creator",IGOR,9,https://www.youtube.com/watch?v=u37lG0BMFZk
1922,Carly Rae Jepsen,Dedicated,7,https://www.youtube.com/watch?v=X4UJL1V01xk
1921,Megan Thee Stallion,Fever,7,https://www.youtube.com/watch?v=AzbBTaF45cg
1919,slowthai,Nothing Great About Britain,8,https://www.youtube.com/watch?v=Be70pP6C4ow
1910,Weatherday,Come In,7,https://www.youtube.com/watch?v=Jo2mZw2vNSg
1909,King Gizzard and the Lizard Wizard,Fishing for Fishies,7,https://www.youtube.com/watch?v=_wutLZaSZU0
1907,Otoboke Beaver,Itekoma Hits,9,https://www.youtube.com/watch?v=4kggrlYjGo8
1906,Sunn O))),Life Metal,7,https://www.youtube.com/watch?v=AaEQeb1pOuE
1901,Lizzo,Cuz I Love You,8,https://www.youtube.com/watch?v=sli3C0KTDh8
1900,Your Old Droog,It Wasn't Even Close,7,https://www.youtube.com/watch?v=-deQEteXUK4
1898,Slauson Malone,"A Quiet Farwell, 2016-2018",8,https://www.youtube.com/watch?v=Rccn_Hobk6s
1896,Beyoncé,HOMECOMING: THE LIVE ALBUM,8,https://www.youtube.com/watch?v=FGILPXMZHXw
1893,Anderson .Paak,Ventura,7,https://www.youtube.com/watch?v=Ijny2633SIE
1890,PUP,Morbid Stuff,8,https://www.youtube.com/watch?v=3qjNDxkAv4w
1889,Weyes Blood,Titanic Rising,9,https://www.youtube.com/watch?v=ANqN835Gmro
1888,Billy Woods & Kenny Segal,Hiding Places,8,https://www.youtube.com/watch?v=_EbckCohk7s
1887,Quelle Chris,Guns,8,https://www.youtube.com/watch?v=zJ5A5CdlnTo
1886,Show Me The Body,Dog Whistle,7,https://www.youtube.com/watch?v=FjMD4H96TN4
1885,Billie Eilish,"WHEN WE ALL FALL ASLEEP, WHERE DO WE GO?",8,https://www.youtube.com/watch?v=L9fWqfDby9U
1884,Ibibio Sound Machine,Doko Mien,7,https://www.youtube.com/watch?v=WRH2Cn3ktY8
1882,American Football,American Football,7,https://www.youtube.com/watch?v=0NfVnIqy8-I
1881,Flume,Hi This Is Flume,8,https://www.youtube.com/watch?v=5_ygpHqUm54
1880,Dos Monos,Dos City,7,https://www.youtube.com/watch?v=DmTgW_sjTG0
1879,Matmos,Plastic Anniversary,8,https://www.youtube.com/watch?v=XrNB3eSiTmg
1878,The Comet Is Coming,Trust in the Lifeforce of the Deep Mystery,8,https://www.youtube.com/watch?v=07CQapiPPT0
1875,Stella Donnelly,Beware of the Dogs,7,https://www.youtube.com/watch?v=6LFIvvx23_o
1872,Little Simz,GREY Area,9,https://www.youtube.com/watch?v=8bHjPSqqv-4
1869,Blu & Oh No,A Long Red Hot Los Angeles Summer Night,8,https://www.youtube.com/watch?v=jV_IjRE6QTM
1868,Sun Kil Moon,I Also Want to Die in New Orleans,7,https://www.youtube.com/watch?v=ivSIL5lVKcQ
1867,Spellling,Mazy Fly,7,https://www.youtube.com/watch?v=fkZLt-L68l4
1863,Various Artists,"環境音楽 Kankyō Ongaku: Japanese Ambient, Environmental & New Age Music 1980–1990",8,https://www.youtube.com/watch?v=HpH6uSqXhxk
1861,Uboa,The Origin of My Depression,8,https://www.youtube.com/watch?v=tIo6MOswfY8
1857,Xiu Xiu,Girl with Basket of Fruit,9,https://www.youtube.com/watch?v=mW7m4r2Ul2Q
1856,Ariana Grande,"thank u, next",8,https://www.youtube.com/watch?v=VWjFquNG1IY
1854,SeeYouSpaceCowboy,Songs for the Firing Squad,7,https://www.youtube.com/watch?v=p3mUwEc4yow
1849,James Blake,Assume Form,7,https://www.youtube.com/watch?v=CYldmrlhCZA
1848,Sharon Van Etten,Remind Me Tomorrow,7,https://www.youtube.com/watch?v=HwWQveEGCNA
1847,Malibu Ken,Malibu Ken,8,https://www.youtube.com/watch?v=BFWxkPF6n0o
1845,Future,Future Hndrxx Presents: The WIZRD,7,https://www.youtube.com/watch?v=kHn-r95Gsm0
1840,21 Savage,i am > i was,7,https://www.youtube.com/watch?v=cY27XD0ZRho
1837,Earl Sweatshirt,Some Rap Songs,8,https://www.youtube.com/watch?v=G6em044hErc
1833,Black Thought & Salaam Remi,"Streams of Thought, Vol. 2",7,https://www.youtube.com/watch?v=QxqCaR0jFQU
1832,J.I.D,DiCaprio 2,8,https://www.youtube.com/watch?v=HgUsQKCw7Wo
1831,Kai Whiston,Kai Whiston Bitch,7,https://www.youtube.com/watch?v=sh7znEb3TQg
1828,Anderson .Paak,Oxnard,8,https://www.youtube.com/watch?v=tIWTYmVCs9c
1827,Trippie Redd,A Love Letter To You 3,7,https://www.youtube.com/watch?v=I9YcGpehDnk
1824,Marquis Hill,"Modern Flows, Vol. 2",8,https://www.youtube.com/watch?v=mbF6V2ouS28
1823,ROSALÍA,EL MAL QUERER,8,https://www.youtube.com/watch?v=E93gYPKfC8U
1822,Vince Staples,FM!,7,https://www.youtube.com/watch?v=zlmRdQanHlc
1817,"Curren$y, Freddie Gibbs & The Alchemist",Fetti,7,https://www.youtube.com/watch?v=sPloNY4dmnc
1816,Poppy,Am I A Girl?,7,https://www.youtube.com/watch?v=lqax_kwYL3A
1815,Julia Holter,Aviary,8,https://www.youtube.com/watch?v=iWiKSNULvPc
1813,Daughters,You Won't Get What You Want,10,https://www.youtube.com/watch?v=DO5pcLp8-HM
1810,Open Mike Eagle,What Happens When I Try To Relax,7,https://www.youtube.com/watch?v=0lapNx5xza8
1808,Current 93,The Light Is Leaving Us All,8,https://www.youtube.com/watch?v=Nev2-f2cfjo
1807,Polyphia,New Levels New Devils,8,https://www.youtube.com/watch?v=fdryZIr7Cp4
1803,Behemoth,I Loved You at Your Darkest,7,https://www.youtube.com/watch?v=EFnXxL8sJ74
1800,Twenty One Pilots,Trench,8,https://www.youtube.com/watch?v=GTuTUfMe64Q
1798,Clarence Clarity,THINK : PEACE,7,https://www.youtube.com/watch?v=mFXDzNcsUcg
1797,Kero Kero Bonito,Time 'n' Place,8,https://www.youtube.com/watch?v=ErQy1u8wT6g
1795,Marissa Nadler,For My Crimes,7,https://www.youtube.com/watch?v=r_WKzCe2Tc0
1794,Horrendous,Idol,9,https://www.youtube.com/watch?v=Sh1JemfxBkc
1791,Lupe Fiasco,DROGAS Wave,7,https://www.youtube.com/watch?v=LbhRrs9mQcw
1790,BROCKHAMPTON,iridescence,7,https://www.youtube.com/watch?v=E4csHqVYJXo
1788,JMSN,Velvet,7,https://www.youtube.com/watch?v=BbtNEZizabs
1787,Noname,Room 25,8,https://www.youtube.com/watch?v=NvbzLQbLShE
1785,Aphex Twin,Collapse EP,8,https://www.youtube.com/watch?v=xedn_lbTJzo
1784,Guerilla Toss,Twisted Crystal,8,https://www.youtube.com/watch?v=57r3E3XRNRk
1782,Spiritualized,And Nothing Hurt,7,https://www.youtube.com/watch?v=GN5tigKpQ9M
1779,Yves Tumor,Safe in the Hands of Love,7,https://www.youtube.com/watch?v=i4BoYm405Zk
1777,Idles,Joy as an Act of Resistance,9,https://www.youtube.com/watch?v=4i2PpkVGQNQ
1775,Armand Hammer,Paraffin,8,https://www.youtube.com/watch?v=PBAuMgx3uwk
1774,Blood Orange,Negro Swan,8,https://www.youtube.com/watch?v=KMc_N5ziha0
1772,Hermit and the Recluse,Orpheus vs. the Sirens,8,https://www.youtube.com/watch?v=5wzAij917v4
1771,Ariana Grande,Sweetener,7,https://www.youtube.com/watch?v=OxeoGczp0Qg
1768,George Clanton,Slide,7,https://www.youtube.com/watch?v=-2Neevd-Low
1764,Louis Cole,Time,8,https://www.youtube.com/watch?v=BEDSulIgCQc
1763,Iglooghost,Steel Mogu,7,https://www.youtube.com/watch?v=nFM1sCBx9do
1762,Iglooghost,Clear Tamei,8,https://www.youtube.com/watch?v=nFM1sCBx9do
1761,Travis Scott,ASTROWORLD,7,https://www.youtube.com/watch?v=t4RjOz8dKro
1758,Okonkolo,Cantos,7,https://www.youtube.com/watch?v=UoAAk3tRb-g
1757,Denzel Curry,TA13OO,8,https://www.youtube.com/watch?v=nDZqxWjRLCU
1755,The Internet,Hive Mind,7,https://www.youtube.com/watch?v=O3GBsa1-dKs
1752,Imperial Triumphant,Vile Luxury,8,https://www.youtube.com/watch?v=IX5QmxD9kVE
1751,HMLTD,Hate Music Last Time Delete,8,https://www.youtube.com/watch?v=Wo4tybjxZa8
1750,Let's Eat Grandma,I'm All Ears,7,https://www.youtube.com/watch?v=rTb8Kcs89mk
1749,Florence + The Machine,High as Hope,7,https://www.youtube.com/watch?v=RIf2tJqrGXI
1745,Death Grips,Year of the Snitch,9,https://www.youtube.com/watch?v=ynCFF7DWHmI
1742,Death Grips,Year of the Snitch,9,https://www.youtube.com/watch?v=ynCFF7DWHmI
1739,SOPHIE,OIL OF EVERY PEARL'S UN-INSIDES,8,https://www.youtube.com/watch?v=XyB3yOo81cU
1737,Onyx Collective,Lower East Suite Part Three,7,https://www.youtube.com/watch?v=ztTCkWZ1qko
1736,Melody's Echo Chamber,Bon Voyage,7,https://www.youtube.com/watch?v=gKPkQv_aLzY
1734,Zeal and Ardor,Stranger Fruit,8,https://www.youtube.com/watch?v=provbgYpk5o
1733,serpentwithfeet,soil,7,https://www.youtube.com/watch?v=rBfnUffVx-8
1731,Kids See Ghosts,KIDS SEE GHOSTS,10,https://www.youtube.com/watch?v=9rkFbKVownA
1729,Black Thought,"Streams of Thought, Vol. 1",8,https://www.youtube.com/watch?v=kXkSqBW2wTs
1728,LUMP,LUMP,7,https://www.youtube.com/watch?v=uOLb73_zgVg
1727,Father John Misty,God's Favorite Customer,7,https://www.youtube.com/watch?v=34oyVszwnJk
1726,Kanye West,ye,8,https://www.youtube.com/watch?v=ixElcxn6PlQ
1725,Ghost,Prequelle,8,https://www.youtube.com/watch?v=-L2Xv5-EmUo
1723,Tierra Whack,Whack World,7,https://www.youtube.com/watch?v=DbKWD0CYuX0&feature=push-u-sub&attr_tag=XxDjZDQf9fLkeMav-6
1722,Pusha T,Daytona,8,https://www.youtube.com/watch?v=z605Rm7lFTM
1721,NIKI,Zephyr,7,https://www.youtube.com/watch?v=GO_hwQqCDZo
1715,James Ferraro,Four Pieces for Mirai,7,https://www.youtube.com/watch?v=5zf-_mQYwu8
1714,Parquet Courts,Wide Awake!,9,https://www.youtube.com/watch?v=4ZZREmYnygU
1712,Beach House,7,7,https://www.youtube.com/watch?v=nWcEHLFmKdE
1711,Playboi Carti,Die Lit,7,https://www.youtube.com/watch?v=eXm3ODioS80
1710,Mark Kozelek,Mark Kozelek,7,https://www.youtube.com/watch?v=HMIUSLOR350
1708,Ski Mask The Slump God,Beware The Book Of Eli,7,https://www.youtube.com/watch?v=X0ACL1CRIKs
1706,Jon Hopkins,Singularity,7,https://www.youtube.com/watch?v=cX9qqFGrDX4
1704,Tropical Fuck Storm,A Laughing Death in Meatspace,8,https://www.youtube.com/watch?v=tu41W2j52OY
1703,Rae Sremmurd,SR3MM,7,https://www.youtube.com/watch?v=GlToEXQO2yc
1702,Iceage,Beyondless,7,https://www.youtube.com/watch?v=fxDjKGGCYRc
1701,Post Malone,Beerbongs & Bentleys,7,https://www.youtube.com/watch?v=a1olq-lfc-I
1700,Janelle Monáe,Dirty Computer,8,https://www.youtube.com/watch?v=4Way39aUJ4g
1698,Sleep,The Sciences,8,https://www.youtube.com/watch?v=d5jWckdWqpM
1695,Kimbra,Primal Heart,7,https://www.youtube.com/watch?v=2dbrndTCzng
1693,Jeffrey Lewis And The Deposit Returners,Works by Tul Kupferberg (1923-2010),7,https://www.youtube.com/watch?v=Dmom8_-isQA
1692,John Prine,The Tree of Forgiveness,7,https://www.youtube.com/watch?v=BN8x5zo3iNs
1691,Haru Nemuri,春と修羅 (harutosyura),8,https://www.youtube.com/watch?v=O5VtHXdfZPM
1690,Frank Ocean,Endless (Remastered),8,https://www.youtube.com/watch?v=J6CCJNs
1688,Kali Uchis,Isolation,8,https://www.youtube.com/watch?v=x9e_8zRuuO8
1684,Kali Uchis,Isolation,8,https://www.youtube.com/watch?v=x9e_8zRuuO8
1680,CZARFACE & MF DOOM,Czarface Meets Metal Face,7,https://www.youtube.com/watch?v=LIMy-Bp353E
1679,The Voidz,Virtue,8,https://www.youtube.com/watch?v=3CrD91zHkLg
1678,Jean Grae & Quelle Chris,Everything's Fine,8,https://www.youtube.com/watch?v=om3JC1JSdnI
1677,Sons of Kemet,Your Queen is a Reptile,8,https://www.youtube.com/watch?v=x7lQBFEURZY
1675,Jack White,Boarding House Reach,9,https://www.youtube.com/watch?v=GyXofB1k24A
1673,Mount Eerie,Now Only,7,https://www.youtube.com/watch?v=AhVPv5q9Ik8
1670,Lil Yachty,Lil Boat 2,7,https://www.youtube.com/watch?v=CCJZO4I2SS8
1669,Judas Priest,Firepower,8,https://www.youtube.com/watch?v=0Z9n4DNNsy8
1667,David Byrne,American Utopia,7,https://www.youtube.com/watch?v=Kh2_xvw3LUA
1664,Andrew W.K.,You're Not Alone,8,https://www.youtube.com/watch?v=tLWPSqE0DC4
1662,Anna von Hausswolff,Dead Magic,8,https://www.youtube.com/watch?v=0dVNV1Q5jjU
1660,Superorganism,Superorganism,7,https://www.youtube.com/watch?v=05AewlnZfE4
1656,Screaming Females,All at Once,8,https://www.youtube.com/watch?v=aVDeTMPuyDM
1654,Keiji Haino & Sumac,"American Dollar Bill - Keep Facing Sideways, You're Too Hideous To Look At Face On",7,https://www.youtube.com/watch?v=iXiIx4DKKbs
1653,Against All Logic,2012 - 2017,9,https://www.youtube.com/watch?v=2WiS99Qukxc
1652,U.S. Girls,In a Poem Unlimited,8,https://www.youtube.com/watch?v=6qC-ZLOK-8Y
1651,Car Seat Headrest,Twin Fantasy (Face to Face),8,https://www.youtube.com/watch?v=EcFJbKJxjDA
1649,Natalia Lafourcade,Musas Vol. 2,8,https://www.youtube.com/watch?v=7TABeq5TLGY
1647,MGMT,Little Dark Age,8,https://www.youtube.com/watch?v=eQ3Wd60Qddw
1644,Tribulation,Down Below,7,https://www.youtube.com/watch?v=DpXe5kbKVtM
1643,Portal,Ion,9,https://www.youtube.com/watch?v=W3SopqFy2eg
1642,Ty Segall,Freedom's Goblin,7,https://www.youtube.com/watch?v=J8qVaBy42Xg
1639,No Age,Snares Like a Haircut,7,https://www.youtube.com/watch?v=3DEtgItwWt0
1638,First Aid Kit,Ruins,7,https://www.youtube.com/watch?v=C0C-ZtZapNM
1636,JPEGMAFIA,Veteran,8,https://www.youtube.com/watch?v=S9gg0JOTF2E
1635,cupcakKe,Ephorize,7,https://www.youtube.com/watch?v=r98hKTgtKiU
1633,King Gizzard and the Lizard Wizard,Gumboot Soup,7,https://www.youtube.com/watch?v=p6T46TrMB80
1631,N.E.R.D,No_One Ever Really Dies,7,https://www.youtube.com/watch?v=LAEe4bj6cLA
1630,Charli XCX,Pop 2,7,https://www.youtube.com/watch?v=SipouoqLyxM
1628,BROCKHAMPTON,SATURATION III,8,https://www.youtube.com/watch?v=sL0YnMbzmow
1625,Chris Stapleton,From A Room: Volume 2,7,https://www.youtube.com/watch?v=-5qQvKlPYjo
1624,Chris Stapleton,From A Room: Volume 2,7,https://www.youtube.com/watch?v=-5qQvKlPYjo
1623,Björk,Utopia,7,https://www.youtube.com/watch?v=ikquXWiyaj8
1620,King Gizzard and the Lizard Wizard,Polygondwanaland,7,https://www.youtube.com/watch?v=JX54Kz7DaZQ
1619,Sharon Jones & the Dap-Kings,Soul of a Woman,8,https://www.youtube.com/watch?v=VaiMDDi8NJc
1612,Converge,The Dusk In Us,8,https://www.youtube.com/watch?v=WLDhNDAOw8k
1610,"21 Savage, Offset & Metro Boomin",Without Warning,7,https://www.youtube.com/watch?v=sxISrm03SHk
1609,Julien Baker,Turn Out the Lights,7,https://www.youtube.com/watch?v=FPeMy9v0_oI
1608,Rina Sawayama,RINA,9,https://www.youtube.com/watch?v=FMfw5VuQgNI
1606,Big K.R.I.T.,4eva Is a Mighty Long Time,9,https://www.youtube.com/watch?v=ivXWRxoLpfE
1599,Lou The Human,Humaniac,7,https://www.youtube.com/watch?v=UFvtS9JDllU
1597,Kelela,Take Me Apart,8,https://www.youtube.com/watch?v=6GcG0qDqWhY
1593,Lil Pump,Lil Pump,7,https://www.youtube.com/watch?v=rWUT9uCl9Es
1591,Primitive Man,Caustic,8,https://www.youtube.com/watch?v=1bkP7n6RhSk
1589,Iglooghost,Neō Wax Bloom,8,https://www.youtube.com/watch?v=datrlt_DGLs&feature=em-uploademail
1588,Injury Reserve,Drive It Like It's Stolen,7,https://www.youtube.com/watch?v=lI6-C7dwz9k
1586,Protomartyr,Relatives in Descent,8,https://www.youtube.com/watch?v=5iHufSOWdqg
1584,Ibeyi,Ash,7,https://www.youtube.com/watch?v=XGboPnsVrU0&feature=youtu.be
1581,Rapsody,Laila's Wisdom,8,https://www.youtube.com/watch?v=EnGPUH911nU
1580,Chelsea Wolfe,Hiss Spun,7,https://www.youtube.com/watch?v=sviePujguak
1579,Young Thug & Carnage,Young Martha,8,https://www.youtube.com/watch?v=-9vTnqL7W4s
1576,Open Mike Eagle,Brick Body Kids Still Daydream,8,https://www.youtube.com/watch?v=bdiGlNbz_Qc
1575,Ariel Pink,Dedicated to Bobby Jameson,8,https://www.youtube.com/watch?v=Hlx4ONMtRFY
1572,Death From Above 1979,Outrage! Is Now,8,https://www.youtube.com/watch?v=AuEKWOh8_HE
1571,The National,Sleep Well Beast,7,https://www.youtube.com/watch?v=odQcHCsW2YA
1569,Alvvays,Antisocialites,8,https://www.youtube.com/watch?v=W9ysTOF7S8Q
1568,Alex Cameron,Forced Witness,8,https://www.youtube.com/watch?v=BD7fSbQ01bs
1567,Princess Nokia,1992 Deluxe,8,https://www.youtube.com/watch?v=7KQyTYscOpk
1566,Corbin,Mourn,7,https://www.youtube.com/watch?v=AL5dCMlhtRg
1565,Bicep,Bicep,7,https://www.youtube.com/watch?v=cPIJXJZH1zk
1562,Daniel Caesar,Freudian,7,https://www.youtube.com/watch?v=n8_qk3FrFjM
1560,BROCKHAMPTON,SATURATION II,8,https://www.youtube.com/watch?v=GiStPHGw0lo
1555,Oh Sees,Orc,8,https://www.youtube.com/watch?v=LG9gDRVM6QQ
1553,Wifisfuneral,Boy Who Cried Wolf,7,https://www.youtube.com/watch?v=aSUpgoYKZv0
1552,Alice Glass,Alice Glass,7,https://www.youtube.com/watch?v=nhndrX8cktI
1547,Brand New,Science Fiction,7,https://www.youtube.com/watch?v=I_UJ-3yakDg
1544,Kesha,Rainbow,7,https://www.youtube.com/watch?v=So6aG1iLdjg
1543,Milo,Who Told You To Think​?​?​!​!​?​!​?​!​?​!,7,https://www.youtube.com/watch?v=MyQ0O5jlyoo
1542,Uncommon Nasa,Written at Night,8,https://www.youtube.com/watch?v=eir7AorIVXg
1541,Dead Cross,Dead Cross,7,https://www.youtube.com/watch?v=8qqWsWdvjIw
1539,Nmesh,Pharma,7,https://www.youtube.com/watch?v=zSoh4uADfus
1533,"Tyler, the Creator",Flower Boy,8,https://www.youtube.com/watch?v=mlLqB2lxii4
1531,Integrity,"Howling, For the Nightmare Shall Consume",7,https://www.youtube.com/watch?v=fSfLoZ-L2gQ
1526,Broken Social Scene,Hug of Thunder,7,https://www.youtube.com/watch?v=ZwKvfRTE6Pc
1525,Jay-Z,4:44,8,https://www.youtube.com/watch?v=NOnVXp-n-pQ
1521,Algiers,The Underside of Power,8,https://www.youtube.com/watch?v=2xKdxJYSns4
1520,Dying Fetus,Wrong One to Fuck With,8,https://www.youtube.com/watch?v=N65_VUOVT6o
1518,Fleet Foxes,Crack-Up,8,https://www.youtube.com/watch?v=-J85naYNmck
1517,Igorrr,Savage Sinusoid,7,https://www.youtube.com/watch?v=aEJu27tjvcI
1516,Lorde,Melodrama,7,https://www.youtube.com/watch?v=WxY7yOmZs4w
1514,BROCKHAMPTON,SATURATION,9,https://www.youtube.com/watch?v=iBHjkRZQbv8
1513,Kirin J Callinan,Bravado,8,https://www.youtube.com/watch?v=sFZgERqFK4g
1512,Billy Woods,Known Unknowns,8,https://www.youtube.com/watch?v=ymkvtN3aVkk
1511,SZA,Ctrl,7,https://www.youtube.com/watch?v=iNGIJ0GG77o
1509,Roger Waters,Is This the Life We Really Want?,7,https://www.youtube.com/watch?v=hCy3_Fosq2g
1508,Elder,Reflections of a Floating World,8,https://www.youtube.com/watch?v=hDYjI2WpMe8
1505,Richard Dawson,Peasant,8,https://www.youtube.com/watch?v=nubYmxtTlVk
1503,Guerilla Toss,GT ULTRA,8,https://www.youtube.com/watch?v=kJmjvul_6sw
1500,The Mountain Goats,Goths,8,https://www.youtube.com/watch?v=AnqPrqA23lg
1499,Oxbow,Thin Black Duke,8,https://www.youtube.com/watch?v=7Aqu9Mo42XQ
1498,Paramore,After Laughter,7,https://www.youtube.com/watch?v=eGYRq0ywrq8
1496,Sinjin Hawke,First Opus,8,https://www.youtube.com/watch?v=diDkeBYKvK4
1495,Black Lips,Satan's graffiti or God's art?,7,https://www.youtube.com/watch?v=2HU9fnoqGtY
1493,Forest Swords,Compassion,8,https://www.youtube.com/watch?v=z5BqausZu0E
1492,Mac DeMarco,This Old Dog,7,https://www.youtube.com/watch?v=ICvyW5xGZgs
1491,Perfume Genius,No Shape,8,https://www.youtube.com/watch?v=6GDPN4Hs_44
1488,Feist,Pleasure,8,https://www.youtube.com/watch?v=AKBopAbun5g
1487,Colin Stetson,All This I Do For Glory,7,https://www.youtube.com/watch?v=WfkRmx6EAPY
1484,Kendrick Lamar,DAMN.,7,https://www.youtube.com/watch?v=RIGINiBYxis
1482,Joey Bada$$,ALL-AMERIKKKAN BADA$$,8,https://www.youtube.com/watch?v=u2B3Dzu5pa0
1478,Father John Misty,Pure Comedy,9,https://www.youtube.com/watch?v=nO89Wos0Hv0
1474,Pallbearer,Heartless,8,https://www.youtube.com/watch?v=B6Pyfe5yrtc
1472,Mount Eerie,A Crow Looked at Me,9,https://www.youtube.com/watch?v=NjbWyn-h-Oc
1469,Spoon,Hot Thoughts,7,https://www.youtube.com/watch?v=VXlghM-qUq0
1467,Remo Drive,Greatest Hits,7,https://www.youtube.com/watch?v=qoSOmF_PWw4
1466,The Magnetic Fields,50 Song Memoir,7,https://www.youtube.com/watch?v=KFGo3SWOlKo
1465,Your Old Droog,Packs,7,https://www.youtube.com/watch?v=iFE1bkuBotk
1464,Ondatrópica,Baile Bucanero,7,https://www.youtube.com/watch?v=1GRf65B6-Qw
1463,Idles,Brutalism,8,https://www.youtube.com/watch?v=yTYsVjeoe-Q
1462,Charli XCX,Number 1 Angel,7,https://www.youtube.com/watch?v=dePHKrFDZvE
1460,Havok,Conformicide,7,https://www.youtube.com/watch?v=vhhhIykGjRU
1459,Daymé Arocena,Cubafonía,8,https://www.youtube.com/watch?v=slBC3h48xgQ
1457,Ibibio Sound Machine,Uyai,8,https://www.youtube.com/watch?v=JxVBmNpYtYM
1455,Blanck Mass,World Eater,7,https://www.youtube.com/watch?v=lpA54RhgWEA
1454,Xiu Xiu,FORGET,8,https://www.youtube.com/watch?v=otyLHbEfRDQ
1453,King Gizzard and the Lizard Wizard,Flying Microtonal Banana,8,https://www.youtube.com/watch?v=i1UVfTixFKw
1452,Power Trip,Nightmare Logic,7,https://www.youtube.com/watch?v=9NliOip-0tY
1451,Pissed Jeans,Why Love Now,7,https://www.youtube.com/watch?v=mlDLwLq3q-s
1449,Dirty Projectors,Dirty Projectors,7,https://www.youtube.com/watch?v=8grYlwFrN9o
1447,Sun Kil Moon,Common As Light and Love Are Red Valleys of Blood,9,https://www.youtube.com/watch?v=ySP4iNetZqU
1445,Jonwayne,Rap Album Two,7,https://www.youtube.com/watch?v=dvcM8-25H38
1443,ROSALÍA,Los Ángeles,8,https://www.youtube.com/watch?v=4EXtbijQOgY
1442,Jesca Hoop,Memories Are Now,7,https://www.youtube.com/watch?v=mubiVMY-EpM
1441,Quelle Chris,"Being You Is Great, I Wish I Could Be You More Often",8,https://www.youtube.com/watch?v=WcuNF95EUls
1438,Sampha,Process,8,https://www.youtube.com/watch?v=ORRDA5YFhcc
1435,Migos,Culture,7,https://www.youtube.com/watch?v=WVuO8d3fgOc
1434,Neil Cicierega,Mouth Moods,9,https://www.youtube.com/watch?v=w_jO52l-8ok
1433,William Basinski,A Shadow in Time,7,https://www.youtube.com/watch?v=sj-0ya-ePq0
1432,Foxygen,Hang,7,https://www.youtube.com/watch?v=Su7lhOHdGEY
1430,Wiley,Godfather,8,https://www.youtube.com/watch?v=dPd6iYPtwCA
1429,Yucky Duster,Duster's Lament,7,https://www.youtube.com/watch?v=s_uW6a9xwmo
1428,Code Orange,Forever,8,https://www.youtube.com/watch?v=m8rY_gfWOsI
1426,Makaya McCraven,Highly Rare,7,https://www.youtube.com/watch?v=aXHFPuiFjzA
1425,Run the Jewels,Run the Jewels 3,8,https://www.youtube.com/watch?v=ktFcXYmy2Fc
1424,Nine Inch Nails,Not the Actual Events,8,https://www.youtube.com/watch?v=avhktqd82tg
1421,Injury Reserve,Floss,8,https://www.youtube.com/watch?v=jGfK-R4rKxY
1420,Ab-Soul,Do What Thou Wilt.,7,https://www.youtube.com/watch?v=W4A0ViBBnrk
1418,Childish Gambino,"""Awaken, My Love!""",7,https://www.youtube.com/watch?v=BwC-hYrfKV4
1416,Bruno Mars,24K Magic,7,https://www.youtube.com/watch?v=aqiM-PY4MpI
1413,Sleigh Bells,Jessica Rabbit,7,https://www.youtube.com/watch?v=VvaS80m7L70
1412,A Tribe Called Quest,We got it from Here... Thank You 4 Your service,9,https://www.youtube.com/watch?v=k0vMdRfwFxY
1408,Marching Church,Telling It Like It Is,7,https://www.youtube.com/watch?v=JN5QgkI0RpM
1407,Shelley FKA DRAM,BIG BABY D.R.A.M.,7,https://www.youtube.com/watch?v=bv_MI60ZMUQ
1406,NxWorries,Yes Lawd!,7,https://www.youtube.com/watch?v=mef_vPjiRU4
1405,Kero Kero Bonito,Bonito Generation,8,https://www.youtube.com/watch?v=vfMP52k1Dv4
1401,The Dillinger Escape Plan,Dissociation,7,https://www.youtube.com/watch?v=E6WtycT5NQ8
1399,Jeff Rosenstock,WORRY.,8,https://www.youtube.com/watch?v=wqBQhv6OUMg
1398,Crying,Beyond the Fleeting Gales,8,https://www.youtube.com/watch?v=-hnhEGWxbOY
1397,Wormrot,Voices,7,https://www.youtube.com/watch?v=YBDMukNKBKg
1396,Conor Oberst,Ruminations,8,https://www.youtube.com/watch?v=kAOw5dpeaus
1392,Regina Spektor,Remember Us to Life,8,https://www.youtube.com/watch?v=vdmzHJ8QsJs
1389,Solange,A Seat at the Table,8,https://www.youtube.com/watch?v=pB85HT19h4w
1387,Danny Brown,Atrocity Exhibition,9,https://www.youtube.com/watch?v=yrmgkbBSTKE
1385,Neurosis,Fires Within Fires,8,https://www.youtube.com/watch?v=arcOA1XQZMU
1383,Touché Amoré,Stage Four,8,https://www.youtube.com/watch?v=RYWCHEJV_CI
1382,Street Sects,End Position,8,https://www.youtube.com/watch?v=PyLi_BCFYsI
1381,Preoccupations,Preoccupations,8,https://www.youtube.com/watch?v=L-ZQEUZxtZM
1379,Swain,The Long Dark Blue,8,https://www.youtube.com/watch?v=7X6qA1k3W7Q
1377,clipping.,Splendor & Misery,8,https://www.youtube.com/watch?v=J_LvLhFq2IU
1376,Nick Cave & The Bad Seeds,Skeleton Tree,8,https://www.youtube.com/watch?v=Vz2YokGxlT4
1374,Angel Olsen,My Woman,8,https://www.youtube.com/watch?v=iAfxeKWphdg
1372,Carly Rae Jepsen,E•MO•TION: Side B,8,https://www.youtube.com/watch?v=TtqyDOj5Js4
1370,Young Thug,Jeffery,7,https://www.youtube.com/watch?v=GloclhybVlQ
1369,Vince Staples,Prima Donna,7,https://www.youtube.com/watch?v=MdGbp6dtNhY
1368,Frank Ocean,Blonde,8,https://www.youtube.com/watch?v=iKvC10hmVnU
1365,Frank Ocean,Endless,8,https://www.youtube.com/watch?v=J6CCJNs-Iso&t=0s
1364,KA,Honor Killed the Samurai,8,https://www.youtube.com/watch?v=dnkjfA3anDk
1360,Oh Sees,A Weird Exits,8,https://www.youtube.com/watch?v=uIooSLzxH-8
1358,Noname,Telefone,8,https://www.youtube.com/watch?v=S8BpvVYuqgk
1355,Ghoul,Dungeon Bastards,7,https://www.youtube.com/watch?v=Htt3TnkMwPY
1350,The I.L.Y.'s,Scum with Boundaries,8,https://www.youtube.com/watch?v=wuXJWdS9vNc
1349,Clams Casino,32 Levels,7,https://www.youtube.com/watch?v=T8awRqOAZMc
1348,BADBADNOTGOOD,IV,7,https://www.youtube.com/watch?v=uw9gtldMQfs
1345,The Avalanches,Wildflower,7,https://www.youtube.com/watch?v=jV4EmFzc47A
1343,Kemba,Negus,7,https://www.youtube.com/watch?v=vv9_gySpshg
1340,Deerhoof,The Magic,7,https://www.youtube.com/watch?v=6k5bkCY0ims
1338,case/lang/veirs,case/lang/veirs,7,https://www.youtube.com/watch?v=_PXWBSJGAag
1337,Nails,You Will Never Be One of Us,8,https://www.youtube.com/watch?v=ETXH-YdlXUE
1336,YG,Still Brazy,8,https://www.youtube.com/watch?v=-R0ZrESv178
1335,Swans,The Glowing Man,9,https://www.youtube.com/watch?v=tZv3A6_wxrI
1334,Show Me The Body,Body War,8,https://www.youtube.com/watch?v=2QSAf3CP7Mo
1333,clipping.,Wriggle,7,https://www.youtube.com/watch?v=ziYDeoP0ai8
1330,Apathy,Handshakes With Snakes,7,https://www.youtube.com/watch?v=wk0nPWE6wfY
1328,Xenia Rubinos,Black Terry Cat,8,https://www.youtube.com/watch?v=DVcxvDjmL3E
1326,Joey Purp,iiiDrops,7,https://www.youtube.com/watch?v=4WUd8aqZ6UY
1323,Olga Bell,Tempo,7,https://www.youtube.com/watch?v=cAUErg7-dGg
1322,Car Seat Headrest,Teens of Denial,8,https://www.youtube.com/watch?v=73Kl42LqEqM
1321,Marissa Nadler,Strangers,8,https://www.youtube.com/watch?v=EEyuuVLuElc
1320,Gorguts,Pleiades' Dust,8,https://www.youtube.com/watch?v=MCAtnOD59Rw
1318,Chance The Rapper,Coloring Book,7,https://www.youtube.com/watch?v=hYHaK_6IOAk
1317,Modern Baseball,Holy Ghost,7,https://www.youtube.com/watch?v=508UImyIFu0
1316,Radiohead,A Moon Shaped Pool,8,https://www.youtube.com/watch?v=S35v1xtzdbk
1315,Vektor,Terminal Redux,8,https://www.youtube.com/watch?v=f54M6_5201I
1313,Death Grips,Bottomless Pit,9,https://www.youtube.com/watch?v=IQjPWxS59rA
1312,Skepta,Konnichiwa,7,https://www.youtube.com/watch?v=SDvIm8A9_-I
1308,King Gizzard and the Lizard Wizard,Nonagon Infinity,8,https://www.youtube.com/watch?v=NGUVt3g2J7I
1307,Aesop Rock,The Impossible Kid,8,https://www.youtube.com/watch?v=kTqcOApCL8M
1306,Beyoncé,Lemonade,8,https://www.youtube.com/watch?v=mkUxFB6jbDc
1303,Xiu Xiu,Plays The Music of Twin Peaks,9,https://www.youtube.com/watch?v=SdfSu2LKucs
1302,PJ Harvey,The Hope Six Demolition Project,7,https://www.youtube.com/watch?v=RgzSqtBoP2Y
1301,Sturgill Simpson,A Sailor's Guide to Earth,8,https://www.youtube.com/watch?v=h_vuv0Oq6jQ
1298,Parquet Courts,Human Performance,7,https://www.youtube.com/watch?v=vruPJVIfa2s
1297,Deakin,Sleep Cycle,7,https://www.youtube.com/watch?v=bRXD2P6UV7M
1294,Woods,City Sun Eater in the River Of Light,7,https://www.youtube.com/watch?v=LKQqAr4D9Qg
1291,Black Mountain,IV,7,https://www.youtube.com/watch?v=AYfYvYdlxmc
1289,Weezer,Weezer (White Album),8,https://www.youtube.com/watch?v=TJNRymZmcfY
1287,Moonsorrow,Jumalten Aika,8,https://www.youtube.com/watch?v=iEO6FWFByFY
1286,Open Mike Eagle & Paul White,Hella Personal Film Festival,7,https://www.youtube.com/watch?v=zfDFz8OmgzE
1285,The Body & Full of Hell,One Day You Will Ache Like I Ache,7,https://www.youtube.com/watch?v=cGmrG1JAYaQ
1281,Various Artists,Southern Family,8,https://www.youtube.com/watch?v=wPR7j3RQDYo
1280,The Drones,Feelin Kinda Free,8,https://www.youtube.com/watch?v=O-Q6A-xxPlY
1279,Iggy Pop,Post Pop Depression,7,https://www.youtube.com/watch?v=u_sQjEc8--c
1276,Lil Yachty,Lil Boat,7,https://www.youtube.com/watch?v=7bJL72EL-4U
1275,Denzel Curry,Imperial,8,https://www.youtube.com/watch?v=VStEfKTZd18
1274,Kendrick Lamar,untitled unmastered.,8,https://www.youtube.com/watch?v=f6zWp5Ix5mk
1273,Big Ups,Before A Million Universes,8,https://www.youtube.com/watch?v=ihEG6ut9bWU
1272,Kano,Made in the Manor,7,https://www.youtube.com/watch?v=qVG21PSiNKA
1270,Lemon Demon,Spirit Phone,8,https://www.youtube.com/watch?v=Ln4zXfzJX3I
1269,Santigold,99¢,7,https://www.youtube.com/watch?v=Bn_CTDEucco
1268,Charli XCX,Vroom Vroom,8,https://www.youtube.com/watch?v=bLmPfVNEbYM
1267,Oranssi Pazuzu,Värähtelijä,7,https://www.youtube.com/watch?v=avUPRabkegM
1263,Mr. Yote,The Terrible Tale Of Scurvy Jones,7,https://www.youtube.com/watch?v=J3dF8yhnsu0
1262,Matmos,Ultimate Care II,8,https://www.youtube.com/watch?v=orERYdw_JsU
1258,Kanye West,The Life of Pablo,8,https://www.youtube.com/watch?v=LxVfshdEKt4
1257,Bones,Useless,7,https://www.youtube.com/watch?v=9wxdMu-73hw
1250,Nevermen,Nevermen,7,https://www.youtube.com/watch?v=s7a8WB6lvHI
1248,Massive Attack,Ritual Spirit,8,https://www.youtube.com/watch?v=yRQ1QZs7Q0w
1246,Pop. 1280,Paradise,8,https://www.youtube.com/watch?v=VhZH6xAzlY8
1245,Ty Segall,Emotional Mugger,8,https://www.youtube.com/watch?v=CvPp5zP6ybA
1244,Chairlift,Moth,7,https://www.youtube.com/watch?v=NkEYtSa44z4
1239,Anderson .Paak,Malibu,7,https://www.youtube.com/watch?v=Kr_akDq7CMY
1237,David Bowie,★ [Blackstar],9,https://www.youtube.com/watch?v=AZD9mJ_yGIQ
1236,Krallice,Hyperion,7,https://www.youtube.com/watch?v=kXv60xh04aA
1235,Baroness,Purple,8,https://www.youtube.com/watch?v=82-PFGvojgU
1232,Pusha T,King Push - Darkest Before Dawn: The Prelude,7,https://www.youtube.com/watch?v=Oi-8UNm9d7U&t=474s
1229,Wiki,Lil Me,7,https://www.youtube.com/watch?v=1_TJwc1nFyo
1223,SOPHIE,PRODUCT,8,https://www.youtube.com/watch?v=y-BGmO5CeHc
1222,Meridian Brothers,Los Suicidas,7,https://www.youtube.com/watch?v=uNb39wzdP9U
1221,Waka Flocka Flame,Flockaveli 1.5,7,https://www.youtube.com/watch?v=sNmdm1s4SyM
1219,Freddie Gibbs,Shadow of a Doubt,7,https://www.youtube.com/watch?v=CfthjMEdEm8
1218,Adele,25,7,https://www.youtube.com/watch?v=kBBMds9cP6Y
1214,Oneohtrix Point Never,Garden of Delete,8,https://www.youtube.com/watch?v=5RUl-fZU2LQ
1213,King Gizzard and the Lizard Wizard,Paper Mâché Dream Balloon,7,https://www.youtube.com/watch?v=PlXuagqoP5I
1207,Grimes,Art Angels,7,https://www.youtube.com/watch?v=bRDENHaT2lI
1204,Iglooghost,Chinese Nü Year,8,https://www.youtube.com/watch?v=c4ehpj0Yk9E
1200,Beach Slang,The Things We Do To Find People Who Feel Like Us,7,https://www.youtube.com/watch?v=Djrg-_jfGis
1198,Car Seat Headrest,Teens of Style,7,https://www.youtube.com/watch?v=LiMbXbv2nI4
1197,Joanna Newsom,Divers,8,https://www.youtube.com/watch?v=GasAQC2TVcA
1195,Panopticon,Autumn Eternal,8,https://www.youtube.com/watch?v=IvKLOel4jhg
1193,The Game,The Documentary 2.5,8,https://www.youtube.com/watch?v=tvavZJRfxH8
1192,Neon Indian,VEGA INTL. Night School,7,https://www.youtube.com/watch?v=bSF5oUGtqqs
1188,Uncommon Nasa,Halfway,7,https://www.youtube.com/watch?v=ChDzL7bpI3M
1186,Protomartyr,The Agent Intellect,7,https://www.youtube.com/watch?v=B8b-IAwaudA
1182,Loma Prieta,Self Portrait,7,https://www.youtube.com/watch?v=TdwoYwB_0hk
1180,Kylesa,Exhausting Fire,7,https://www.youtube.com/watch?v=hVjTEGUsl_w
1179,Julia Holter,Have You in My Wilderness,9,https://www.youtube.com/watch?v=PTNTqWto9yA
1174,Milo,So the Flies Don't Come,8,https://www.youtube.com/watch?v=Cu4vSPiwoQw
1172,The Underachievers,Evermore: The Art of Duality,8,https://www.youtube.com/watch?v=0YXDSg3PmzY
1170,The World Is a Beautiful Place and I Am No Longer Afraid to Die,Harmlessness,7,https://www.youtube.com/watch?v=3e_yNhZMXMU
1168,Ought,Sun Coming Down,8,https://www.youtube.com/watch?v=5tkJ1fjgmSI
1167,Mac Miller,GO:OD AM,7,https://www.youtube.com/watch?v=dTf9UyRFMI8
1166,Christian Scott aTunde Adjuah,Stretch Music,7,https://www.youtube.com/watch?v=DHaaMg8Owl0
1160,Travis Scott,Rodeo,8,https://www.youtube.com/watch?v=q6t5wV7xmVM
1156,Dâm-Funk,Invite the Light,7,https://www.youtube.com/watch?v=CTgwX9ZbsCs
1153,Destroyer,Poison Season,8,https://www.youtube.com/watch?v=MOAxsCaBaU4
1152,Dope Body,Kunk,7,https://www.youtube.com/watch?v=jjORabLD8Y0
1148,Carly Rae Jepsen,E•MO•TION,7,https://www.youtube.com/watch?v=-uzLOwBzevU
1145,Ghost,Meliora,9,https://www.youtube.com/watch?v=NTyqliFaMbk
1144,FKA twigs,M3LL155X,9,https://www.youtube.com/watch?v=Sn9tZQPLxaE
1143,Chelsea Wolfe,Abyss,8,https://www.youtube.com/watch?v=xCwJfkGdaFo
1142,Mac DeMarco,Another One,7,https://www.youtube.com/watch?v=qVzscNOR2NQ
1141,Pissgrave,Suicide Euphoria,7,https://www.youtube.com/watch?v=uSLzYLdocHY
1140,Dr. Dre,Compton: A Soundtrack by Dr. Dre,7,https://www.youtube.com/watch?v=RhDd_G4nGZ0
1139,Cattle Decapitation,The Anthropocene Extinction,8,https://www.youtube.com/watch?v=0dc-pNv6gwA
1136,Lianne La Havas,Blood,8,https://www.youtube.com/watch?v=Emyn3FF_V18
1133,Sleaford Mods,Key Markets,8,https://www.youtube.com/watch?v=nzBorXsYJlc
1130,Injury Reserve,Live from the Dentist Office,8,https://www.youtube.com/watch?v=ew8Sfrvob2Y
1129,Tame Impala,Currents,7,https://www.youtube.com/watch?v=_ASR7i5RPKM
1128,Ratatat,Magnifique,7,https://www.youtube.com/watch?v=V6cbfRfO67s
1126,The Chemical Brothers,Born in the Echoes,7,https://www.youtube.com/watch?v=nKdHpRBMsG8&t=423s
1124,Ghostface Killah & Adrian Younge,Twelve Reasons To Die II,7,https://www.youtube.com/watch?v=X5BdcV0HV9Q
1123,Quelle Chris & Chris Keys,Innocent Country,7,https://www.youtube.com/watch?v=3rSfhouI9oQ
1121,RP Boo,"Fingers, Bank Pads, and Shoe Prints",7,https://www.youtube.com/watch?v=3mw44LC6w08
1116,Meek Mill,Dreams Worth More Than Money,7,https://www.youtube.com/watch?v=XfiJ9qQxsA0
1110,High on Fire,Luminiferous,8,https://www.youtube.com/watch?v=qoxjzGypOAA
1108,KEN mode,Success,8,https://www.youtube.com/watch?v=sS6l2zUu3B8
1107,CZARFACE,Every Hero Needs A Villain,8,https://www.youtube.com/watch?v=94U3CZxIsyA
1106,Everything Everything,Get To Heaven,8,https://www.youtube.com/watch?v=HF9GqC65Wjo
1104,Ash Koosha,GUUD,8,https://www.youtube.com/watch?v=QvnsZyoxXjY
1102,Florence + The Machine,How Big How Blue How Beautiful,7,https://www.youtube.com/watch?v=7jKEYrJTVQI
1101,Algiers,Algiers,8,https://www.youtube.com/watch?v=8V0L9Sv18TE
1099,Jamie xx,In Colour,7,https://www.youtube.com/watch?v=2fa2GpSFAJ4
1097,Unknown Mortal Orchestra,Multi-Love,8,https://www.youtube.com/watch?v=615xR8TVbn4
1092,Whitey Morgan & The 78's,Sonic Ranch,7,https://www.youtube.com/watch?v=mnD2O7RsqcY
1083,Prurient,Frozen Niagara Falls,8,https://www.youtube.com/watch?v=t0tJhzj29Zc
1081,Kamasi Washington,The Epic,9,https://www.youtube.com/watch?v=cRekLSSWhtg
1080,Hop Along,Painted Shut,8,https://www.youtube.com/watch?v=cSg87drcKlw
1078,Lil Ugly Mane,Third Side of Tape,8,https://www.youtube.com/watch?v=N4N5E0yp2EA
1077,Colin Stetson and Sarah Neufeld,Never Were The Way She Was,8,https://www.youtube.com/watch?v=6HLTXL-s4J8
1076,Paul De Jong,IF,7,https://www.youtube.com/watch?v=BfetFfARwv4
1074,Blur,The Magic Whip,7,https://www.youtube.com/watch?v=tTt7YDzH054
1073,Peste Noire,La Chaise-Dyable,7,https://www.youtube.com/watch?v=D46urKgzDbY
1071,Tribulation,The Children of the Night,7,https://www.youtube.com/watch?v=KdbAYLHLUZ8
1070,Alabama Shakes,Sound & Color,8,https://www.youtube.com/watch?v=5NptvA4PyEI
1065,The Mountain Goats,Beat the Champ,8,https://www.youtube.com/watch?v=K9x6-CzjbsA
1064,Young Fathers,White Men Are Black Men Too,8,https://www.youtube.com/watch?v=oX56GvWAGY8
1062,Toro y Moi,What For?,7,https://www.youtube.com/watch?v=x6Lis-8oaCU
1058,Sufjan Stevens,Carrie & Lowell,7,https://www.youtube.com/watch?v=JFGKCtnjrDU
1057,Billy Woods,"Today, I Wrote Nothing",7,https://www.youtube.com/watch?v=mU0Gw0_u1ok
1054,Death Grips,The Powers That B,9,https://www.youtube.com/watch?v=yKyWZeiRe8c
1052,Lightning Bolt,Fantasy Empire,7,https://www.youtube.com/watch?v=medwB35qz_A
1049,Corpo-Mente,Corpo-Mente,7,https://www.youtube.com/watch?v=znNz2yNBfUo
1048,Liturgy,The Ark Work,7,https://www.youtube.com/watch?v=YGN8GB_mnQU
1046,Laura Marling,Short Movie,7,https://www.youtube.com/watch?v=B5OHCV2rVX4
1043,Kendrick Lamar,To Pimp a Butterfly,10,https://www.youtube.com/watch?v=qTmHuavOXNg
1041,Swain,Heavy Dancing,7,https://www.youtube.com/watch?v=cw9WIp0np44
1038,Jeff Rosenstock,We Cool?,8,https://www.youtube.com/watch?v=J6FSd14ATB4
1037,Leviathan,Scar Sighted,8,https://www.youtube.com/watch?v=JKM79q5lKVM
1032,Clarence Clarity,No Now,8,https://www.youtube.com/watch?v=AhHAO9_Oxgo
1029,THEESatisfaction,EarthEE,7,https://www.youtube.com/watch?v=NXwhaTEW9Vc
1028,The Pop Group,Citizen Zombie,9,https://www.youtube.com/watch?v=w6bDXhZNHvY
1024,Adventures,Supersonic Home,7,https://www.youtube.com/watch?v=hehR6VpW-lk
1023,Drake,If You're Reading This It's Too Late,8,https://www.youtube.com/watch?v=fW60RaP67qU
1022,Father John Misty,"I Love You, Honeybear",8,https://www.youtube.com/watch?v=_TCbKdhYsXM
1021,Your Old Droog,Kinison,8,https://www.youtube.com/watch?v=aSoVb3Wkjak
1019,John Carpenter,Lost Themes,7,https://www.youtube.com/watch?v=J5RTivkcdnA
1017,Open Mike Eagle,A Special Episode Of,8,https://www.youtube.com/watch?v=4C2TRjy9oVQ
1015,Zs,Xe,8,https://www.youtube.com/watch?v=MIvCSukQN9c
1013,Napalm Death,Apex Predator - Easy Meat,8,https://www.youtube.com/watch?v=EXux7PJ4fMI
1010,Lupe Fiasco,Tetsuo & Youth,7,https://www.youtube.com/watch?v=khuhS6vAny4
1009,Joey Bada$$,B4.DA.$$,8,https://www.youtube.com/watch?v=X-qtbMsHk3s
1008,Sleater-Kinney,No Cities to Love,7,https://www.youtube.com/watch?v=O-U2u1zZEeo
1006,Björk,Vulnicura,8,https://www.youtube.com/watch?v=rTrT9V6MJeQ
1005,Preoccupations,Viet Cong,7,https://www.youtube.com/watch?v=nwy-MpYk9Z4
1003,Benjamin Clementine,At Least For Now,7,https://www.youtube.com/watch?v=cS0bI-chYN8
1002,Death Grips,Fashion Week,7,https://www.youtube.com/watch?v=LPoDXPVw2xA
1001,D'Angelo and The Vanguard,Black Messiah,8,https://www.youtube.com/watch?v=GmzkeqZ3AW8
997,OG Maco,OG Maco,7,https://www.youtube.com/watch?v=mlRsRQQ_zsw
996,A$AP Ferg,Ferg Forever,7,https://www.youtube.com/watch?v=D9SbjbFwaek
995,Full of Hell & Merzbow,Full of Hell & Merzbow,8,https://www.youtube.com/watch?v=oOhcHU0AoWs
994,I Am Your Destruction,I Am Your Destruction,7,https://www.youtube.com/watch?v=OAbaZQPj97o
992,Ariel Pink,pom pom,9,https://www.youtube.com/watch?v=gqmSyACe8do
991,Andy Stott,Faith in Strangers,7,https://www.youtube.com/watch?v=Zfwb4JxJU7M
989,Mr. Oizo,The Church,7,https://www.youtube.com/watch?v=yfLG6UBCSEU
988,Sterilizer,Sterilizer,7,https://www.youtube.com/watch?v=cNoSHuF5mac
980,Deerhoof,La Isla Bonita,7,https://www.youtube.com/watch?v=IcU_E2quVBQ
979,Wildbirds & Peacedrums,Rhythm,8,https://www.youtube.com/watch?v=JKMyr5J9J-Q
978,Dean Blunt,Black Metal,8,https://www.youtube.com/watch?v=ue5sLcwJpyU
975,Run the Jewels,Run the Jewels 2,8,https://www.youtube.com/watch?v=oiNIJAQWUbY
969,Dope Body,Lifer,8,https://www.youtube.com/watch?v=I3tRZOln8KY
968,Clockwork Indigo,Clockwork Indigo,7,https://www.youtube.com/watch?v=ywdF8ixPCQ8
964,Flying Lotus,You're Dead!,8,https://www.youtube.com/watch?v=vBHEEDUkme8
963,Vince Staples,Hell Can Wait,7,https://www.youtube.com/watch?v=EUVXJjKeHek
960,Godflesh,A World Lit Only By Fire,7,https://www.youtube.com/watch?v=RuCv_Nt7Bkk
959,Weezer,Everything Will Be Alright in the End,7,https://www.youtube.com/watch?v=Uge_eyjwPYw
958,Iceage,Plowing Into the Field of Love,9,https://www.youtube.com/watch?v=Up6qz8TLGYE
953,Perfume Genius,Too Bright,8,https://www.youtube.com/watch?v=2IS6hJ5b2_k
949,The Voidz,Tyranny,7,https://www.youtube.com/watch?v=T_Xo9WU4vVM
947,Otis Brown III,The Thought of You,7,https://www.youtube.com/watch?v=Sy_7oh4_kXw
945,alt-J,This Is All Yours,7,https://www.youtube.com/watch?v=P0C3V8Acjcw
944,My Brightest Diamond,This Is My Hand,7,https://www.youtube.com/watch?v=2x3B4W2FVkI
941,Megaton Leviathan,Past 21 Beyond the Arctic Cell,7,https://www.youtube.com/watch?v=1vBkD8S8kNU
938,Busdriver,Perfect Hair,8,https://www.youtube.com/watch?v=FUvNMHqhBC4
933,Panopticon,Roads to the North,8,https://www.youtube.com/watch?v=WciHRKHwBuA
931,Uncommon Nasa,New York Telephone,8,https://www.youtube.com/watch?v=S47nKJ8n0tk
928,The Wytches,Annabel Dream Reader,8,https://www.youtube.com/watch?v=frlWC9ptkX8
924,Botanist,VI: Flora,8,https://www.youtube.com/watch?v=uNgQD02sJYc
919,The Underachievers,Cellar Door: Terminus Ut Exordium,7,https://www.youtube.com/watch?v=XwouQHOyOQA
917,FKA twigs,LP1,8,https://www.youtube.com/watch?v=LriAU0of3u4
916,Mick Jenkins,The Water[s],8,https://www.youtube.com/watch?v=raY3t5Ukt4k
914,Spoon,They Want My Soul,7,https://www.youtube.com/watch?v=0-kjcZRAxcs
912,Sir Michael Rocks,Banco,7,https://www.youtube.com/watch?v=F0FDvjCOCTQ
907,La Roux,Trouble in Paradise,8,https://www.youtube.com/watch?v=Wc1nLKO2daI
906,Neil Cicierega,Mouth Silence,8,https://www.youtube.com/watch?v=cLgarIGTAe0
905,Weird Al Yankovic,Mandatory Fun,7,https://www.youtube.com/watch?v=dbP8F2bnfIc
904,Weird Al Yankovic,Mandatory Fun,7,https://www.youtube.com/watch?v=dbP8F2bnfIc
902,Kyary Pamyu Pamyu,ピカピカふぁんたじん [Pika Pika Fantajin],7,https://www.youtube.com/watch?v=LkUQX0Gqo6Q
901,Wolves in the Throne Room,Celestite,8,https://www.youtube.com/watch?v=vekiCfWRstU
900,Sia,1000 Forms of Fear,7,https://www.youtube.com/watch?v=PiL_FfqyVfk
899,Antemasque,Antemasque,7,https://www.youtube.com/watch?v=d9sGdZvF_R8
898,Mastodon,Once More 'Round the Sun,7,https://www.youtube.com/watch?v=Lyf7TP5pdYQ
893,The Soft Pink Truth,Why Do The Heathen Rage?,7,https://www.youtube.com/watch?v=f-b5PravLXk
890,clipping.,CLPPNG,9,https://www.youtube.com/watch?v=su4ZsUDJWcQ
888,Mayhem,Esoteric Warfare,7,https://www.youtube.com/watch?v=9fIpMIsf_o0
886,Open Mike Eagle,Dark Comedy,8,https://www.youtube.com/watch?v=r4Wtbsz3EkU
883,Apathy,Connecticut Casual,8,https://www.youtube.com/watch?v=BqH_kA0BN98
881,Owen Pallett,In Conflict,7,https://www.youtube.com/watch?v=A46QN81TRQc
874,USA Out of Vietnam,Crashing Diseases and Incurable Airplanes,7,https://www.youtube.com/watch?v=3MnBA__QrfY
872,Swans,To Be Kind,10,https://www.youtube.com/watch?v=8NQyDKbGVOg
871,TOBACCO,Ultima II Massage,8,https://www.youtube.com/watch?v=jQfCJVAwFL8
867,Vallenfyre,Splinters,7,https://www.youtube.com/watch?v=fopTU6h2tjU
864,tUnE-yArDs,Nikki Nack,8,https://www.youtube.com/watch?v=yS27JEUJXXc
863,BADBADNOTGOOD,III,7,https://www.youtube.com/watch?v=sVZ5oiYKc5g
859,Ought,More Than Any Other Day,7,https://www.youtube.com/watch?v=PhCE3XxgHSQ
857,Neil Cicierega,Mouth Sounds,8,https://www.youtube.com/watch?v=cLgarIGTAe0
854,Pharoahe Monch,PTSD,7,https://www.youtube.com/watch?v=scJ9fS5S7bo
853,Thantifaxath,Sacred White Noise,8,https://www.youtube.com/watch?v=W1APvyVVm-4
851,Girl Talk & Freeway,Broken Ankles EP,8,https://www.youtube.com/watch?v=TSgrGqOIXGw
850,Ratking,So It Goes,8,https://www.youtube.com/watch?v=u8_m_s9NhLk
847,OFF!,Wasted Years,7,https://www.youtube.com/watch?v=I4YvFQPplxQ
844,Timber Timbre,Hot Dreams,8,https://www.youtube.com/watch?v=csJSEJmKjYc
843,CunninLynguists,Strange Journey Volume Three,7,https://www.youtube.com/watch?v=-yAzXtjPqR8
842,White Hinterland,Baby,8,https://www.youtube.com/watch?v=Yc6e--9NCOs
839,IDYLLS,Prayer for Terrene,8,https://www.youtube.com/watch?v=VbXaF5EmTFk
838,Future Islands,Singles,7,https://www.youtube.com/watch?v=Zr4YJIqx31c
837,Liars,Mess,8,https://www.youtube.com/watch?v=19ecDCf3iLY
835,The War on Drugs,Lost in the Dream,7,https://www.youtube.com/watch?v=lQ3OTq63SDY
834,Sisyphus,Sisyphus,7,https://www.youtube.com/watch?v=Fex6mMwSN3c
833,La Dispute,Rooms of the House,7,https://www.youtube.com/watch?v=_7Rfp95Jcw8
832,Freddie Gibbs & Madlib,Piñata,9,https://www.youtube.com/watch?v=H2fc-AaU0Sw
830,White Suns,Totem,8,https://www.youtube.com/watch?v=1WP-MMO45NY
828,Onyx,Wakedafucup,7,https://www.youtube.com/watch?v=T2i-R2Bru2s
827,Evian Christ,Waterfall,7,https://www.youtube.com/watch?v=ZFQzmNCJh6I
826,Ibibio Sound Machine,Ibibio Sound Machine,7,https://www.youtube.com/watch?v=-qsmQxWkiAs
822,Carla Bozulich,Boy,8,https://www.youtube.com/watch?v=rJ-GxWyqnu0
821,Wild Beasts,Present Tense,7,https://www.youtube.com/watch?v=MBkph9YoG8w
818,St. Vincent,St. Vincent,7,https://www.youtube.com/watch?v=qP2hHvB4d_Y
816,Schoolboy Q,Oxymoron,7,https://www.youtube.com/watch?v=FPsrNDt81aM
815,Artificial Brain,Labyrinth Constellation,8,https://www.youtube.com/watch?v=JQbidnJumDs
813,G Herbo,Welcome To Fazoland,7,https://www.youtube.com/watch?v=ku9BgerCj_k
810,Sun Kil Moon,Benji,9,https://www.youtube.com/watch?v=ZTIJvNmsQgo
809,Have a Nice Life,The Unnatural World,8,https://www.youtube.com/watch?v=NRYIEL8sSdE
807,Xiu Xiu,Angel Guts: Red Classroom,7,https://www.youtube.com/watch?v=nzO5rysgAQs
806,Behemoth,The Satanist,9,https://www.youtube.com/watch?v=5pfUULxVoSU
803,Actress,Ghettoville,8,https://www.youtube.com/watch?v=7VTfz-V5JeA
802,Step Brothers,Lord Steppington,8,https://www.youtube.com/watch?v=oZsH0U3tZbA
801,Indian,From All Purity,8,https://www.youtube.com/watch?v=qckTUjyzNPg
799,Thee Silver Mt. Zion Memorial Orchestra,Fuck Off Get Free We Pour Light on Everything,8,https://www.youtube.com/watch?v=I_UR-FF5h2I
797,Murmur,Murmur,8,https://www.youtube.com/watch?v=MQDRPhGU9_k
796,Big Ups,Eighteen Hours of Static,8,https://www.youtube.com/watch?v=UT4gpKs2G8Y
794,Calvaiire,Forceps,7,https://www.youtube.com/watch?v=n6xdDoeRlI4
790,Xiu Xiu,Nina,8,https://www.youtube.com/watch?v=ZxB8txjcYzM
788,Soupcans,Parasite Brain,7,https://www.youtube.com/watch?v=gdXGEworpCI
787,Nils Frahm,Spaces,7,https://www.youtube.com/watch?v=a6tuB0ksw18
784,The Debauchees,Big Machines and Peculiar Beings,7,https://www.youtube.com/watch?v=XjSjgPvaqgw
783,Da Mafia 6ix,6ix Commandments,8,https://www.youtube.com/watch?v=x4of2hBNPpo
781,An Autumn for Crippled Children,Try Not to Destroy Everything You Love,7,https://www.youtube.com/watch?v=jVQJa_aVypc
780,M.I.A.,Matangi,7,https://www.youtube.com/watch?v=-v5hKxV70-0
779,Eminem,The Marshall Mathers LP 2,7,https://www.youtube.com/watch?v=K2uBdDrUIqU
778,Hellfyre Club,Dorner vs. Tookie,7,https://www.youtube.com/watch?v=OLWOPLSto9s
777,Mariam the Believer,Blood Donation,8,https://www.youtube.com/watch?v=G_sH1C5MjzQ
775,Cara Neir,"Portals to a Better, Dead World",7,https://www.youtube.com/watch?v=BVAuofrPpfU
771,Quelle Chris,Ghost at the Finish Line,7,https://www.youtube.com/watch?v=ElxzDYTLs7k
770,Moonface,Julia With Blue Jeans On,7,https://www.youtube.com/watch?v=IhzS6Du5-nI
768,Armand Hammer,Race Music,8,https://www.youtube.com/watch?v=ZyuHpnylj38
766,Future of the Left,How To Stop Your Brain In An Accident,8,https://www.youtube.com/watch?v=qXvyxrarDxw
765,Shad,Flying Colours,7,https://www.youtube.com/watch?v=OJkmhEfwrnk
764,Black Milk,No Poison No Paradise,8,https://www.youtube.com/watch?v=wXYj6ExDLaY
762,Tim Hecker,Virgins,9,https://www.youtube.com/watch?v=YzjLq2AoWv8
760,Haunted Horses,Watcher,7,https://www.youtube.com/watch?v=MapvwWsSYco
758,Danny Brown,OLD,7,https://www.youtube.com/watch?v=GYaVI3fLFz0
757,Daniel Avery,Drone Logic,8,https://www.youtube.com/watch?v=_g2wiO5w0dc
756,Cage the Elephant,Melophobia,8,https://www.youtube.com/watch?v=Od7fLNhEecM
755,Darkside,Psychic,8,https://www.youtube.com/watch?v=h_7zG3XQTSo
754,of Montreal,Lousy With Sylvianbriar,8,https://www.youtube.com/watch?v=k9X1u7H_JcU
753,Four Tet,Beautiful Rewind,7,https://www.youtube.com/watch?v=tCGtdhEqO8A
751,Melt-Banana,Fetch,9,https://www.youtube.com/watch?v=7UkObDLYo1Y
749,Touché Amoré,Is Survived By,8,https://www.youtube.com/watch?v=FRHf92JDVSQ
748,Machinedrum,Vapor City,7,https://www.youtube.com/watch?v=BDEDC-KNewI
746,Bill Callahan,Dream River,8,https://www.youtube.com/watch?v=PVvK_xMD8n0
743,Flatbush Zombies,BetterOffDEAD,8,https://www.youtube.com/watch?v=jZUq4bsM2VY
742,Janelle Monáe,The Electric Lady,7,https://www.youtube.com/watch?v=u3qbwIl1l-Q
740,Holy Ghost!,Dynamics,7,https://www.youtube.com/watch?v=02FAk9TYCas
736,Denzel Curry,Nostalgic 64,7,https://www.youtube.com/watch?v=TxBRICiy0KU
734,Modern Life Is War,Fever Hunting,7,https://www.youtube.com/watch?v=7mDFyxgWRcg
733,Chelsea Wolfe,Pain Is Beauty,8,https://www.youtube.com/watch?v=oefX916-gYw
731,Kayo Dot,Hubardo,7,https://www.youtube.com/watch?v=rmE2I04VFX0
730,YC The Cynic,GNK,8,https://www.youtube.com/watch?v=mU5d-KfXDNg
729,King Krule,6 Feet Beneath the Moon,7,https://www.youtube.com/watch?v=kVZXrqUYKyA
727,A$AP Ferg,Trap Lord,7,https://www.youtube.com/watch?v=YFTUk2n9QCU
725,Julia Holter,Loud City Song,8,https://www.youtube.com/watch?v=aqANxjB58wA
723,Julia Holter,Loud City Song,8,https://www.youtube.com/watch?v=aqANxjB58wA
719,Gorguts,Colored Sands,8,https://www.youtube.com/watch?v=XV6nHQJMe7g
717,AlunaGeorge,Body Music,7,https://www.youtube.com/watch?v=VBtBgCyA8BE
713,KA,The Night's Gambit,8,https://www.youtube.com/watch?v=IHXn82SEoLY
712,Lycus,Tempest,7,https://www.youtube.com/watch?v=VZ2VfOOAyow
709,Billy Woods,Dour Candy,7,https://www.youtube.com/watch?v=wxH8Q4b-0gg
708,Joey Bada$$,Summer Knights,7,https://www.youtube.com/watch?v=TKeH0PM48EI
707,Kyary Pamyu Pamyu,なんだこれくしょん (Nanda Collection),8,https://www.youtube.com/watch?v=N1_k2ikvXkc
706,Run the Jewels,Run the Jewels,8,https://www.youtube.com/watch?v=qvTJQU4nyqU
705,Candy Claws,Ceres & Calypso in the Deep Time,7,https://www.youtube.com/watch?v=sJbkuz8zMyo
704,Stone Titan,Scratch 'n Sniff,8,https://www.youtube.com/watch?v=Pkat6FdK-oU
702,Smith Westerns,Soft Will,8,https://www.youtube.com/watch?v=Ce07L512gG4
701,Take Over And Destroy,Endless Night,7,https://www.youtube.com/watch?v=WlKQsXvfcds
697,Quasimoto,Yessir Whatever,7,https://www.youtube.com/watch?v=lNat70LnRuk
696,The World Is a Beautiful Place and I Am No Longer Afraid to Die,"Whenever, If Ever",7,https://www.youtube.com/watch?v=qsyAV70z5K4
693,James Holden,The Inheritors,7,https://www.youtube.com/watch?v=YeHgbYZm6H0
692,Melt Yourself Down,Melt Yourself Down,7,https://www.youtube.com/watch?v=7CDFaYbl7L0
691,Deafheaven,Sunbather,8,https://www.youtube.com/watch?v=rzolEHmXNBE
689,Young Fathers,Tape Two,8,https://www.youtube.com/watch?v=YNR8gi8WxmY
688,Queens of the Stone Age,...Like Clockwork,9,https://www.youtube.com/watch?v=5uvj_3nd5kY
685,Mr. Muthafuckin' eXquire,Kismet,7,https://www.youtube.com/watch?v=NUv6sK-7POE
684,Disclosure,Settle,7,https://www.youtube.com/watch?v=w33XqeTSNeg
683,Jon Hopkins,Immunity,8,https://www.youtube.com/watch?v=KmiwDR2W2T8
681,Laura Marling,Once I Was an Eagle,7,https://www.youtube.com/watch?v=98AjeD_2AFc
680,Daft Punk,Random Access Memories,8,https://www.youtube.com/watch?v=tTUBoFVi-HY
676,Bibio,Silver Wilkinson,7,https://www.youtube.com/watch?v=CDLs0XZiE8A
675,The Dillinger Escape Plan,One of Us Is the Killer,8,https://www.youtube.com/watch?v=sEVQ4ZFxZxM
674,Jenny Hval,Innocence Is Kinky,7,https://www.youtube.com/watch?v=W3v3SPfkTzE
673,Vampire Weekend,Modern Vampires of the City,7,https://www.youtube.com/watch?v=U2oWxvgeboY
671,The Uncluded,Hokey Fright,7,https://www.youtube.com/watch?v=7jZ7aMkv59U
669,Savages,Silence Yourself,8,https://www.youtube.com/watch?v=16QuI9jkn7w
667,Colin Stetson,New History Warfare Vol. 3: To See More Light,7,https://www.youtube.com/watch?v=MYJHHxjlwOQ
664,Colin Stetson,New History Warfare Vol. 3: To See More Light,7,https://www.youtube.com/watch?v=MYJHHxjlwOQ
659,Ghostface Killah & Adrian Younge,Twelve Reasons To Die,8,https://www.youtube.com/watch?v=TJEvrZHcEMY
656,The Haxan Cloak,Excavation,8,https://www.youtube.com/watch?v=dFDF8bMJ-NA
654,Big K.R.I.T.,King Remembered In Time,7,https://www.youtube.com/watch?v=7_OZ4Bsyipk
653,Swain,Howl,8,https://www.youtube.com/watch?v=DYjFU8zATdc
652,Kurt Vile,Wakin on a Pretty Daze,8,https://www.youtube.com/watch?v=D3ZoR4mwdnw
650,James Blake,Overgrown,7,https://www.youtube.com/watch?v=vAA_szh6cDg
649,The Knife,Shaking the Habitual,9,https://www.youtube.com/watch?v=p5PwUsqFfuE
642,Kvelertak,Meir,8,https://www.youtube.com/watch?v=6KelOf9JfaY
641,Lapalux,Nostalchic,7,https://www.youtube.com/watch?v=yuMJBV-efV8
640,Dope Body,Saturday,7,https://www.youtube.com/watch?v=aEPCT7qnE04
639,Nails,Abandon All Life,7,https://www.youtube.com/watch?v=8cyqJakd27c
636,KEN mode,Entrench,7,https://www.youtube.com/watch?v=POLivKAD5wg
635,David Bowie,The Next Day,7,https://www.youtube.com/watch?v=1wcik0kXxng
634,The Mary Onettes,Hit the Waves,7,https://www.youtube.com/watch?v=nzqQJIk4TYo
633,Soap&Skin,Sugarbread,7,https://www.youtube.com/watch?v=rTiya-mIJUU
632,Makthaverskan,II,7,https://www.youtube.com/watch?v=7VLIVkZyCgY
629,Shlohmo,Laid Out,8,https://www.youtube.com/watch?v=aDn2lSqXhe4
628,The Drones,I See Seaweed,8,https://www.youtube.com/watch?v=Q7UfcEtU8AM
626,Atoms for Peace,AMOK,7,https://www.youtube.com/watch?v=DyJKBHILnx8
625,Tony Molina,Dissed and Dismissed,7,https://www.youtube.com/watch?v=axr3eLz-URQ
623,Grave Babies,Crusher,7,https://www.youtube.com/watch?v=-E3BVFqsD2s
622,Beach Fossils,Clash the Truth,8,https://www.youtube.com/watch?v=KbSMVxEPb-8
620,Iceage,You're Nothing,8,https://www.youtube.com/watch?v=p0-ZLyefddQ
616,Pissed Jeans,Honeys,7,https://www.youtube.com/watch?v=XiSU9xDyJc0
614,Autechre,Exai,8,https://www.youtube.com/watch?v=04flJC_4pv8
612,Grouper,The Man Who Died in His Boat,7,https://www.youtube.com/watch?v=yBGd3VCdqII
611,clipping.,Midcity,8,https://www.youtube.com/watch?v=UkJfb2np5JA
610,Unknown Mortal Orchestra,II,7,https://www.youtube.com/watch?v=1WnqvDivfDg
608,My Bloody Valentine,m b v,8,https://www.youtube.com/watch?v=EEY6WYtxZFQ
607,The Underachievers,Indigoism,7,https://www.youtube.com/watch?v=Ki_jLJWcCYI
601,Buke and Gase,General Dome,8,https://www.youtube.com/watch?v=5WPD-GvKG3w
600,Cakes da Killa,The Eulogy,8,https://www.youtube.com/watch?v=NczoVKmb1xs
599,Foxygen,We Are the 21st Century Ambassadors of Peace & Magic,8,https://www.youtube.com/watch?v=o6bkUlYcLD8
598,TTNG,13.0.0.0.0,7,https://www.youtube.com/watch?v=XRYppTnvr7g
595,Yo La Tengo,Fade,7,https://www.youtube.com/watch?v=Ls07Jjbo_O0
594,A$AP Rocky,Long.Live.A$AP,7,https://www.youtube.com/watch?v=4ZFpIxySk6w
592,Villagers,{Awayland},7,https://www.youtube.com/watch?v=K27cGZKlxJo
591,Comadre,Comadre,8,https://www.youtube.com/watch?v=CYCHwDRCm2I
590,Milo,Things That Happen at Day / Things That Happen at Night,8,https://www.youtube.com/watch?v=Aq-kK9XNebo
588,Pro Era,PEEP: The aPROcalypse,8,https://www.youtube.com/watch?v=P__GsC98jPw
586,Burial,Truant / Rough Sleeper,8,https://www.youtube.com/watch?v=K8OJ5BC-7Xg
585,The Black Heart Rebellion,Har Nevo,7,https://www.youtube.com/watch?v=kCqxe3bhBqQ
582,Scott Walker,Bish Bosch,7,https://www.youtube.com/watch?v=yGrlhEmZZVc
581,Captain Murphy,Duality,7,https://www.youtube.com/watch?v=aVCMiepR6wA
578,The Evens,The Odds,8,https://www.youtube.com/watch?v=DNzZfBfBjoU
575,Action Bronson & The Alchemist,Rare Chandeliers,8,https://www.youtube.com/watch?v=1GyJexedwEU
571,Portico Quartet,Portico Quartet,8,https://www.youtube.com/watch?v=BkehXdTfF38
570,Holly Herndon,Movement,7,https://www.youtube.com/watch?v=1X9VpeohkLY
568,Jessica Pratt,Jessica Pratt,7,https://www.youtube.com/watch?v=HZswTkpdlfs
565,Roomful of Teeth,Roomful of Teeth,7,https://www.youtube.com/watch?v=rJLVNSw3hDU
563,Neurosis,Honor Found in Decay,7,https://www.youtube.com/watch?v=u3ebepStQyc
561,Andy Stott,Luxury Problems,7,https://www.youtube.com/watch?v=wA8kYFNE5IU
560,Pile,Dripping,8,https://www.youtube.com/watch?v=QurcyHLpCEQ
556,Kendrick Lamar,"good kid, m.A.A.d city",9,https://www.youtube.com/watch?v=VUUxtEQLAiQ
555,Karriem Riggins,Alone Together,8,https://www.youtube.com/watch?v=w_6tcxol2J0
552,Chelsea Wolfe,Unknown Rooms: A Collection of Acoustic Songs,7,https://www.youtube.com/watch?v=1Qy-Gs9hMq0
551,Godspeed You! Black Emperor,'Allelujah! Don't Bend! Ascend!,8,https://www.youtube.com/watch?v=adyBTyBBOTM
549,Bat For Lashes,The Haunted Man,7,https://www.youtube.com/watch?v=bZtoB_Jf5CY
547,Macklemore & Ryan Lewis,The Heist,7,https://www.youtube.com/watch?v=r3K4-d_XQaw
546,Converge,All We Love We Leave Behind,8,https://www.youtube.com/watch?v=MzLUol6iVUA
545,Tame Impala,Lonerism,8,https://www.youtube.com/watch?v=f7crV1BXXVg
544,Converge,All We Love We Leave Behind,8,https://www.youtube.com/watch?v=MzLUol6iVUA
543,Tame Impala,Lonerism,8,https://www.youtube.com/watch?v=f7crV1BXXVg
541,The Mountain Goats,Transcendental Youth,7,https://www.youtube.com/watch?v=hBKOobrNh9Y
539,Flying Lotus,Until the Quiet Comes,7,https://www.youtube.com/watch?v=LBnUyWddjsM&t=7s
537,Death Grips,No Love Deep Web,8,https://www.youtube.com/watch?v=niiR7Lsq-1o
533,The Bad Plus,Made Possible,8,https://www.youtube.com/watch?v=hWxnq5EYbZU
532,Vessel,Order of Noise,7,https://www.youtube.com/watch?v=cOlx2JNEe0I
530,Dinosaur Jr.,I Bet on Sky,7,https://www.youtube.com/watch?v=0Kb4w7dGSN0
528,Title Fight,Floral Green,7,https://www.youtube.com/watch?v=aUClt-ivlH0
527,Woods,Bend Beyond,7,https://www.youtube.com/watch?v=qni6vhBYrBc
525,The Gaslamp Killer,Breakthrough,8,https://www.youtube.com/watch?v=SjFIvCue6oE
524,David Byrne & St. Vincent,Love This Giant,7,https://www.youtube.com/watch?v=eR0cWuLWhzo
522,Blu & Exile,Give Me My Flowers While I Can Still Smell Them,7,https://www.youtube.com/watch?v=gmM4mXdYuho
521,Jens Lekman,I Know What Love Isn't,7,https://www.youtube.com/watch?v=fLFHoY01a_w
520,Angel Olsen,Half Way Home,7,https://www.youtube.com/watch?v=nakdorPK09o
517,Matthew Dear,Beams,8,https://www.youtube.com/watch?v=vdIL2Slt9yM
514,Wild Nothing,Nocturne,8,https://www.youtube.com/watch?v=fSB9Wy0-Ps4
511,Murder Construct,Results,8,https://www.youtube.com/watch?v=tHcJpaXm0AQ
510,Swans,The Seer,8,https://www.youtube.com/watch?v=ZAKIxgzgNJ8
509,Krallice,Years Past Matter,8,https://www.youtube.com/watch?v=_gGv4ZYuTeA
507,Bloc Party,Four,7,https://www.youtube.com/watch?v=5WlUMxDtLqY
503,Four Tet,Pink,7,https://www.youtube.com/watch?v=CS4HP_-HEdI
502,Parquet Courts,Light Up Gold,7,https://www.youtube.com/watch?v=ifoZ_rbwR_U
499,Xibalba,Hasta La Muerte,8,https://www.youtube.com/watch?v=W45ddJvxOUY
498,Lianne La Havas,Is Your Love Big Enough?,7,https://www.youtube.com/watch?v=qEQV9tWfnEU
497,R. Stevie Moore,Lo Fi Hi Fives,7,https://www.youtube.com/watch?v=c42Yr9yXzdk
494,Nachtmystium,Silencing Machine,8,https://www.youtube.com/watch?v=5WlRFlH5oRI
489,TNGHT,TNGHT,9,https://www.youtube.com/watch?v=sjZJoRTOKr0
488,Foxygen,Take the Kids Off Broadway,8,https://www.youtube.com/watch?v=NImDLA14kHs
486,Baroness,Yellow & Green,7,https://www.youtube.com/watch?v=u1uuvuAe8Xg
485,Ondatrópica,Ondatrópica,9,https://www.youtube.com/watch?v=fg_z_80Frfw
483,Aesop Rock,Skelethon,7,https://www.youtube.com/watch?v=jO5gV6w8epQ
482,Holograms,Holograms,8,https://www.youtube.com/watch?v=q6T1zppObmA
481,Frank Ocean,Channel Orange,7,https://www.youtube.com/watch?v=RG8FKXlGdBU
478,H-SIK,Cocody,7,https://www.youtube.com/watch?v=qnzAw1QuayE
477,Eprom,Metahuman,7,https://www.youtube.com/watch?v=JoewSimddUg
476,Open Mike Eagle,4NML HSPTL,7,https://www.youtube.com/watch?v=7rw9WkF4lPY
475,Ty Segall Band,Slaughterhouse,8,https://www.youtube.com/watch?v=G-jE0gcdL9w
474,Dark Time Sunshine,ANX,7,https://www.youtube.com/watch?v=orJVZPz8XXU
473,Deathspell Omega,Drought,8,https://www.youtube.com/watch?v=blVUxudkFYM
472,Fiona Apple,The Idler Wheel,9,https://www.youtube.com/watch?v=A6dKpFq0IxU
470,iamamiwhoami,kin,8,https://www.youtube.com/watch?v=_Fdv0XkbgSE
467,The Tallest Man On Earth,There's No Leaving Now,8,https://www.youtube.com/watch?v=Vsb5OhJILf8
464,Joey Bada$$,1999,7,https://www.youtube.com/watch?v=--YnsRamkzc
463,Hot Chip,In Our Heads,7,https://www.youtube.com/watch?v=Y8_RPvxcJ80
462,Gnaw Their Tongues,Eschatological Scatology,7,https://www.youtube.com/watch?v=mVtFxatTLgU
460,Neil Young & Crazy Horse,Americana,7,https://www.youtube.com/watch?v=6j-L50IZEZg
459,Big K.R.I.T.,Live from the Underground,7,https://www.youtube.com/watch?v=5dX5az_Sn2w
457,Liars,WIXIW,7,https://www.youtube.com/watch?v=zhYKXT3l69Y
455,Clams Casino,Instrumental 2,7,https://www.youtube.com/watch?v=b6_aekrjI_k
454,alt-J,An Awesome Wave,8,https://www.youtube.com/watch?v=_TZBdHjgMxI
453,Sigur Rós,Valtari,7,https://www.youtube.com/watch?v=39G4QwnUOzw
452,Dope Body,Natural History,9,https://www.youtube.com/watch?v=bfeusyA-J5k
451,Mount Eerie,Clear Moon,7,https://www.youtube.com/watch?v=60d5MYBMAns
449,Killer Mike,R.A.P. Music,8,https://www.youtube.com/watch?v=E3kvrf4mO4g
447,Beach House,Bloom,8,https://www.youtube.com/watch?v=S9Up_xgbZaQ
443,Cerce,Tour Sampler CD-R,7,https://www.youtube.com/watch?v=V4RJ0eOZiXE
442,Ab-Soul,Control System,8,https://www.youtube.com/watch?v=tAXqMlMoyg8
441,OFF!,OFF!,7,https://www.youtube.com/watch?v=RqwXttWKaAU
438,Lone,Galaxy Garden,8,https://www.youtube.com/watch?v=6fW1KL8qmzs
436,Ty Segall & White Fence,Hair,8,https://www.youtube.com/watch?v=G-jE0gcdL9w
435,Torche,Harmonicraft,8,https://www.youtube.com/watch?v=c1LHWTKqFcI
432,Death Grips,The Money Store,10,https://www.youtube.com/watch?v=mK54P7VeM1g
431,White Suns,Sinews,8,https://www.youtube.com/watch?v=XxbkE90hv38
430,Spiritualized,Sweet Heart Sweet Light,8,https://www.youtube.com/watch?v=JBKPJ5VUbr8
428,Wreck and Reference,No Youth,7,https://www.youtube.com/watch?v=Q94LHgvb7vs
426,Billy Woods,History Will Absolve Me,8,https://www.youtube.com/watch?v=KonQ_39B0uU
425,Dr. John,Locked Down,7,https://www.youtube.com/watch?v=PVvWk4Vko6Q
424,Zammuto,Zammuto,8,https://www.youtube.com/watch?v=kVEV9zMcmd0
423,Dr. John,Locked Down,7,https://www.youtube.com/watch?v=PVvWk4Vko6Q
422,BADBADNOTGOOD,BBNG2,9,https://www.youtube.com/watch?v=e2g9_YXxfY0
421,High on Fire,De Vermis Mysteriis,8,https://www.youtube.com/watch?v=tHsdqsUxR3Q
420,Recondite,On Acid,8,https://www.youtube.com/watch?v=-NI4-QvHv9M
418,The Mars Volta,Noctourniquet,7,https://www.youtube.com/watch?v=RJDxHb5bsWc
417,THEESatisfaction,awE naturalE,8,https://www.youtube.com/watch?v=7rB4Qc-MRks
415,Black Breath,Sentenced to Life,8,https://www.youtube.com/watch?v=IGVvYilN48I
411,Unsane,Wreck,7,https://www.youtube.com/watch?v=T2Dodo3pAtc
410,Daniel Rossen,Silent Hour / Golden Mile,8,https://www.youtube.com/watch?v=TlLz3R4O1EI
409,Kindness,"World, You Need a Change of Mind",7,https://www.youtube.com/watch?v=VpLANug-ClI
406,The Men,Open Your Heart,7,https://www.youtube.com/watch?v=4X8MvSNS1j4
405,Big K.R.I.T.,4eva N a Day,8,https://www.youtube.com/watch?v=mbmpyvyIj3A
404,Christian Mistress,Possession,8,https://www.youtube.com/watch?v=llsGRWq4K8M
402,Pallbearer,Sorrow and Extinction,7,https://www.youtube.com/watch?v=5n5X5kQmnBw
401,Perfume Genius,Put Your Back N 2 It,9,https://www.youtube.com/watch?v=GBp40M6WMxA
397,John Talabot,ƒIN,8,https://www.youtube.com/watch?v=wktzFuTHqls
394,Goatwhore,Blood for the Master,7,https://www.youtube.com/watch?v=Wjc0FV3AAgM&t=293s
393,Soap&Skin,Narrow,8,https://www.youtube.com/watch?v=Y_5jlhMZwEM
392,Burial,Kindred,8,https://www.youtube.com/watch?v=roeyTQmPbWw
391,Shlohmo,Vacation,7,https://www.youtube.com/watch?v=8Mxjjefgprw
390,of Montreal,Paralytic Stalks,7,https://www.youtube.com/watch?v=h_jZvILNGzo
388,Sharon Van Etten,Tramp,7,https://www.youtube.com/watch?v=E9V9AkezyRQ
384,Pop. 1280,The Horror,7,https://www.youtube.com/watch?v=fUYvPM4dYBo
383,Chairlift,Something,7,https://www.youtube.com/watch?v=sVjHl5LdLco
381,Cloud Nothings,Attack on Memory,8,https://www.youtube.com/watch?v=V3TEU7FBXC4
380,First Aid Kit,The Lion's Roar,7,https://www.youtube.com/watch?v=bEj3GUmhci4
378,Zammuto,Idiom Wind,7,https://www.youtube.com/watch?v=0bCcHtQerqE
377,The Act Of Estimating As Worthless,Amongst These Splintered Minds // Leaden Thoughts Sing Softly,7,https://www.youtube.com/watch?v=4EzQRbeLeXk
376,Loma Prieta,I.V.,8,https://www.youtube.com/watch?v=uOqCnL0MEPw
375,Heems,Nehru Jackets,8,https://www.youtube.com/watch?v=dHOHrx-p9sc
367,The Weeknd,Echoes of Silence,8,https://www.youtube.com/watch?v=nuRLRQl0tZ8
364,Jacaszek,Glimmer,7,https://www.youtube.com/watch?v=oyr32v8ibE4
363,Cormorant,Dwellings,8,https://www.youtube.com/watch?v=rwAHEPfpiOI
360,Vektor,Outer Isolation,8,https://www.youtube.com/watch?v=iRG4w5x2vV8
358,Kate Bush,50 Words for Snow,7,https://www.youtube.com/watch?v=PiuMwOAX72U
354,Young Fathers,Tape One,8,https://www.youtube.com/watch?v=bhBkb4ayfVY
353,The Log.Os,λόγος,8,https://www.youtube.com/watch?v=ImsHI_Z6T2I
352,Cynic,Carbon-Based Anatomy,7,https://www.youtube.com/watch?v=g01hbKaIfg4
350,Oneohtrix Point Never,Replica,8,https://www.youtube.com/watch?v=UHFFlrSZF-U
346,Ghoul,Transmission Zero,8,https://www.youtube.com/watch?v=uEINRdIFHK0
345,King Krule,King Krule,7,https://www.youtube.com/watch?v=oeiWtWcROvo
344,Civil Civic,Rules,7,https://www.youtube.com/watch?v=fU1YnAn4lWY
343,Black Milk & Danny Brown,Black and Brown!,7,https://www.youtube.com/watch?v=X7eK8bLJEMo
341,Milo,I Wish My Brother Rob Was Here,8,https://www.youtube.com/watch?v=1_d3YFEGeCQ
338,A$AP Rocky,Live. Love. A$AP,8,https://www.youtube.com/watch?v=NHnS2gDJEPY
337,The Strange Boys,Live Music,7,https://www.youtube.com/watch?v=rgIESOp7WCM
334,Tom Waits,Bad as Me,7,https://www.youtube.com/watch?v=cYpnHONNf1k
330,Rustie,Glass Swords,7,https://www.youtube.com/watch?v=bvq9_gEwE9A
328,The Field,Looping State of Mind,7,https://www.youtube.com/watch?v=7VEeJ02y0H4
325,Absu,Abzu,8,https://www.youtube.com/watch?v=xZnmheQqgUs
324,La Dispute,Wildlife,8,https://www.youtube.com/watch?v=yxTPfKspFl8
320,Wilco,The Whole Love,7,https://www.youtube.com/watch?v=JeIw4S0_mKU
319,AJJ,Knife Man,8,https://www.youtube.com/watch?v=pOI3xkXoId0
317,Veronica Falls,Veronica Falls,8,https://www.youtube.com/watch?v=OmUdajuMIns
316,BADBADNOTGOOD,BBNG,8,https://www.youtube.com/watch?v=A96ENM-zcnE
313,St. Vincent,Strange Mercy,8,https://www.youtube.com/watch?v=JGeLYl3kkmg
312,Wild Flag,Wild Flag,7,https://www.youtube.com/watch?v=2c5KCsYiYoY
311,Girls,"Father, Son, Holy Ghost",7,https://www.youtube.com/watch?v=MbLt2Qgl350
306,Thundercat,The Golden Age of Apocalypse,8,https://www.youtube.com/watch?v=a9TwaFehPHo
302,Chelsea Wolfe,Apokalypsis,8,https://www.youtube.com/watch?v=FMhrhf5kENY
301,Apathy,Honkey Kong,7,https://www.youtube.com/watch?v=aAKCV2xq4ak
299,Danny Brown,XXX,8,https://www.youtube.com/watch?v=DPeE28Fb_L8
298,Shlohmo,Bad Vibes,7,https://www.youtube.com/watch?v=_Fh9EiKr9iU
295,Hudson Mohawke,Satin Panthers,7,https://www.youtube.com/watch?v=TR7xn0tJ-7E
294,The Horrors,Skying,7,https://www.youtube.com/watch?v=6mqaOPpyIsc
293,Little Dragon,Ritual Union,8,https://www.youtube.com/watch?v=LK5U4DeBO_o
291,Toxic Holocaust,Conjure And Command,8,https://www.youtube.com/watch?v=Lu7PAAopMyY
290,Disma,Towards the Megalith,9,https://www.youtube.com/watch?v=SaiXRdS1gl0
284,Kendrick Lamar,Section.80,8,https://www.youtube.com/watch?v=1nYHyZgD5zM
283,SBTRKT,SBTRKT,8,https://www.youtube.com/watch?v=6p3xVcQZuCY
280,Shabazz Palaces,Black Up,8,https://www.youtube.com/watch?v=-f4DyUGCg0w
279,Rival Sons,Pressure & Time,7,https://www.youtube.com/watch?v=1G57MNa37Nc
273,Bon Iver,Calgary,7,https://www.youtube.com/watch?v=pbpDut3adjE
272,Teenage Cool Kids,Denton After Sunset,7,https://www.youtube.com/watch?v=BXralORhPus
270,Herman Düne,Strange Moosic,7,https://www.youtube.com/watch?v=zEHPgX9w9R4
268,Snake Oil,Snake Oil,7,https://www.youtube.com/watch?v=9_qPevj08xM
266,Touché Amoré,Parting The Sea Between Brightness And Me,7,https://www.youtube.com/watch?v=xiS0XwgBmmA
265,Battles,Gloss Drop,9,https://www.youtube.com/watch?v=zWDo8gGwRfk
264,Poor Lily,Poor Lily,8,https://www.youtube.com/watch?v=1J2Fi3fiN7s
262,Death Cab For Cutie,Codes and Keys,7,https://www.youtube.com/watch?v=ANJ3E5-p8Eo
258,Amon Tobin,ISAM,7,https://www.youtube.com/watch?v=O-6hnRcicVc
256,Comet Gain,Howl of the Lonely Crowd,7,https://www.youtube.com/watch?v=J10Fov5VEP8
255,Various Artists,"Brand New Wayo: Funk, Fast Times & Nigerian Boogie Badness 1979-1983",7,https://www.youtube.com/watch?v=TyynHvJiG_4
254,Zombi,Escape Velocity,8,https://www.youtube.com/watch?v=BrT6sEYrXew
253,Liturgy,Aesthethica,8,https://www.youtube.com/watch?v=on1vkPNRFwg
250,Africa Hitech,93 Million Miles,8,https://www.youtube.com/watch?v=dnYa0GqNk8M
249,Elzhi,Elmatic,8,https://www.youtube.com/watch?v=orxEQ343cVo
246,Balkans,Balkans,7,https://www.youtube.com/watch?v=Pj9pEejYtFc
245,Matana Roberts,Coin Coin Chapter One: Gens De Couleur Libre,8,https://www.youtube.com/watch?v=7hpw4H18k3M
242,Wild Beasts,Smother,7,https://www.youtube.com/watch?v=j1JbIzOtBj4
241,Wormrot,Dirge,8,https://www.youtube.com/watch?v=JEML7td1D3s
240,Beastie Boys,Hot Sauce Committee Pt. 2,9,https://www.youtube.com/watch?v=qv-cNmuNi64
239,Fleet Foxes,Helplessness Blues,9,https://www.youtube.com/watch?v=ztqWF4z9kAw
238,Master Musicians Of Bukkake,Totem Three,7,https://www.youtube.com/watch?v=oIR6GZakxM8
237,Death Grips,Exmilitary,8,https://www.youtube.com/watch?v=AZegHBU-ffQ
236,tUnE-yArDs,w h o k i l l,7,https://www.youtube.com/watch?v=DSjCcInCqOk
232,Crystal Stilts,In Love With Oblivion,8,https://www.youtube.com/watch?v=lvnSmbU4nWY
230,Metronomy,The English Riviera,7,https://www.youtube.com/watch?v=yEd2D-ukjZs
229,Holy Ghost!,Holy Ghost!,8,https://www.youtube.com/watch?v=5PSH6cV4N-I
227,Timber Timbre,Creep On Creepin' On,8,https://www.youtube.com/watch?v=mKM5Z5n8Mi0
225,The Pains of Being Pure at Heart,Belong,8,https://www.youtube.com/watch?v=JKqAHPICR60
224,The UV Race,Homo,8,https://www.youtube.com/watch?v=WIyRRLBsukw
223,Havok,Time is Up,8,https://www.youtube.com/watch?v=Xa4YaYOdYAY
222,The Mountain Goats,All Eternals Deck,8,https://www.youtube.com/watch?v=hNmz05kGJgo
220,Craft Spells,Idle Labor,8,https://www.youtube.com/watch?v=DYEbtRPKnmw
219,Big K.R.I.T.,Return Of 4eva,9,https://www.youtube.com/watch?v=RG3E7xK6Oq4
217,The Strokes,Angles,7,https://www.youtube.com/watch?v=d5o1V3lxGH0
216,Trap Them,Darker Handcraft,7,https://www.youtube.com/watch?v=bRPT-bxzQxw
214,Weedeater,Jason... The Dragon,7,https://www.youtube.com/watch?v=_ccX1kbdU4U
213,Coma Cinema,Blue Suicide,7,https://www.youtube.com/watch?v=Q3W2rJhXMEc
212,CunninLynguists,Oneirology,8,https://www.youtube.com/watch?v=f6df3Yo-aSE
209,REKS,R.E.K.S. (Rhythmatic Eternal King Supreme),8,https://www.youtube.com/watch?v=nJqkgqRwqAw
206,Blood Ceremony,Living With the Ancients,7,https://www.youtube.com/watch?v=WIX13DiXBe8
205,Giles Corey,Giles Corey,8,https://www.youtube.com/watch?v=d8kP_uGxNfc
204,Siriusmo,Mosaik,7,https://www.youtube.com/watch?v=Agg3HH0x_eA
202,Colin Stetson,New History Warfare Vol. 2: Judges,8,https://www.youtube.com/watch?v=0BFLDVGvTrQ
200,Earth,"Angels of Darkness, Demons of Light I",7,https://www.youtube.com/watch?v=Pj6SHbpDnSc
196,Mogwai,"Hardcore Will Never Die, But You Will",8,https://www.youtube.com/watch?v=4DsiwriEgBE
195,"Tyler, the Creator",Yonkers,7,https://www.youtube.com/watch?v=zzmpVAXSd9Y
194,Tim Hecker,"Ravedeath, 1972",8,https://www.youtube.com/watch?v=Gc0Jpf_25a4
193,PJ Harvey,Let England Shake,8,https://www.youtube.com/watch?v=3-IGABC6rlU
192,The Strokes,Under Cover Of Darkness,8,https://www.youtube.com/watch?v=OqPz7zvPn_I
191,Theophilus London,Lovers Holiday,8,https://www.youtube.com/watch?v=SVy-uU84ApQ
189,James Blake,James Blake,7,https://www.youtube.com/watch?v=Qqw9bnffDsY
187,Dumbo Gets Mad,Elephants at the Door,8,https://www.youtube.com/watch?v=HMTBo9huzi0
186,Fleet Foxes,Helplessness Blues,8,https://www.youtube.com/watch?v=uWzNiXXypE0
185,Nicolas Jaar,Space Is Only Noise,8,https://www.youtube.com/watch?v=Pc5Hutyj2AA
183,Ulcerate,The Destroyers of All,7,https://www.youtube.com/watch?v=Wp20Qxx2lOc&t=259s
181,Destroyer,Kaputt,9,https://www.youtube.com/watch?v=2IWjwiuBG4A
179,Smith Westerns,Dye It Blonde,7,https://www.youtube.com/watch?v=q1go3WwvCvY
178,Braids,Native Speaker,7,https://www.youtube.com/watch?v=mYez03fRUBs
176,Fergus & Geronimo,Unlearn,8,https://www.youtube.com/watch?v=XtmTM3AIdLI
175,Asobi Seksu,Trails,7,https://youtu.be/iJ5o99-MO7I
173,British Sea Power,Valhalla Dancehall,8,https://www.youtube.com/watch?v=PzKcgB0n5XE
171,Cake,Showroom of Compassion,7,https://www.youtube.com/watch?v=o3aI489UkdI
169,Iceage,New Brigade,8,https://www.youtube.com/watch?v=wgqY757V0-Y
168,Oblivionized,Abhorrent Evolution,8,https://www.youtube.com/watch?v=8PqLOyHA7BI
164,Ghostface Killah,Apollo Kids,8,https://www.youtube.com/watch?v=6urd4Zke2os
162,Agalloch,Marrow of the Spirit,8,https://www.youtube.com/watch?v=ASYMfU7wpiI
161,OFF!,First Four EPs,8,https://www.youtube.com/watch?v=edXP5f4CFT8
158,Girl Talk,All Day,8,https://www.youtube.com/watch?v=GMKfsj1fg5g
157,Weekend,Sports,8,https://www.youtube.com/watch?v=yetM0u9wqck
156,Maserati,Pyramid of the Sun,7,https://www.youtube.com/watch?v=btaQdzwfvDM
153,Cee-Lo Green,The Lady Killer,7,https://www.youtube.com/watch?v=x217SO9VPwE
152,"Brian Eno, Jon Hopkins & Leo Abrahams",Small Craft on a Milk Sea,8,https://www.youtube.com/watch?v=RkumjdJ-Eew
148,Small Black,New Chain,8,https://www.youtube.com/watch?v=Sf-sXyTE2_8&t=4m25s
147,Diamond Rings,Special Affections,8,https://www.youtube.com/watch?v=Cy_FBsloKIk
146,Skrillex,Scary Monsters and Nice Sprites,7,https://www.youtube.com/watch?v=AyzpDXRVbwA
144,Kids & Explosions,Shit Computer,8,https://www.youtube.com/watch?v=nQe_rTrxGyA
140,Ghost,Opus Eponymous,8,https://www.youtube.com/watch?v=vtDvu9PVcJc
139,The Gaslamp Killer,Death Gate,7,https://www.youtube.com/watch?v=9ZQyNDad3c0
136,Gold Panda,Lucky Shiner,7,https://www.youtube.com/watch?v=hWJ40emz1ew
132,Twin Shadow,Forget,8,https://www.youtube.com/watch?v=CB-HKdkM7hg
131,Glasser,Ring,8,https://www.youtube.com/watch?v=ty0id9qHcq8
130,Women,Public Strain,9,https://www.youtube.com/watch?v=qMsnKVtohy0
127,Deerhunter,Halcyon Digest,8,https://www.youtube.com/watch?v=LP-Vdm27vS4
124,Nails,Unsilent Death,9,https://www.youtube.com/watch?v=z1ahI9rAFgU
123,Flying Lotus,Pattern+Grid World,8,https://www.youtube.com/watch?v=F2HofRWJrc4
122,Sharon Van Etten,Epic,7,https://www.youtube.com/watch?v=edCRJuyXjl0
119,Blonde Redhead,Penny Sparkle,8,https://www.youtube.com/watch?v=jNBYi07Q7GQ
116,Das Racist,"Sit Down, Man",8,https://www.youtube.com/watch?v=XvPpOLp-8LM
114,Chromeo,Business Casual,9,https://www.youtube.com/watch?v=NTqEw597UZI
113,Grinderman,Grinderman 2,7,https://www.youtube.com/watch?v=1RuC_S06xwY
112,Weezer,Hurley,7,https://www.youtube.com/watch?v=HtZpjuo2BBo
108,The Tallest Man On Earth,Sometimes The Blues Is Just A Passing Bird,8,https://www.youtube.com/watch?v=MzYQR6ePkiw
107,A-1,After School Special,7,https://www.youtube.com/watch?v=X1nALCk5kMU
105,Mogwai,Special Moves,8,https://www.youtube.com/watch?v=h3L42McXVnE
104,Magic Kids,Memphis,8,https://www.youtube.com/watch?v=87H2nRX0Ya8
103,Luke Abbott,Holkham Drones,8,https://www.youtube.com/watch?v=czrckuVdzUk
102,Miami Horror,Illumination,7,https://www.youtube.com/watch?v=5QPBbc5PmAQ
101,Sufjan Stevens,All Delighted People,8,https://www.youtube.com/watch?v=LCixPRPXCb8
100,Matthew Dear,Black City,7,https://www.youtube.com/watch?v=rzj_j93PWdw
98,Bongripper,Satan Worshipping Doom,8,https://www.youtube.com/watch?v=j7BRmTNLRTc
96,Arcade Fire,The Suburbs,8,https://www.youtube.com/watch?v=X3qyysxKEkU
95,Wavves,King of the Beach,8,https://www.youtube.com/watch?v=Q8Jp4U2BBnI
92,The Books,The Way Out,9,https://www.youtube.com/watch?v=Us2q-4BFSlA
91,Anamanaguchi,Airbrushed,9,https://www.youtube.com/watch?v=6YjqJdoHUZM
89,Superhumanoids,Urgency,8,https://www.youtube.com/watch?v=du-Szi7pGRE
85,Björk / Dirty Projectors,Mount Wittenberg Orca,8,https://www.youtube.com/watch?v=4pmTuXGyCPE
82,The Roots,How I Got Over,8,https://www.youtube.com/watch?v=a1HzLIKAQ4A
81,Baths,Cerulean,8,https://www.youtube.com/watch?v=S8HRhbucYiw
80,Laurie Anderson,Homeland,8,https://www.youtube.com/watch?v=ABAea7gFO5I
79,Kvelertak,Kvelertak,8,https://www.youtube.com/watch?v=kp-3jPaY7yU
76,Ceremony,Rohnert Park,8,https://www.youtube.com/watch?v=mHUzdIKQ5x0
75,Ariel Pink's Haunted Graffiti,Before Today,8,https://www.youtube.com/watch?v=S4HW7jmRXeE
74,The Drums,The Drums,8,https://www.youtube.com/watch?v=cUXCNgJSmzU
73,Suckers,Wild Smile,7,https://www.youtube.com/watch?v=A38cOUWdK9k
71,Washed Out,You and I,9,https://www.youtube.com/watch?v=6Eiy1V32zws
70,Here We Go Magic,Pigeons,7,https://www.youtube.com/watch?v=Wj_P3CQUXZE
69,Ratatat,LP4,8,https://www.youtube.com/watch?v=-l_acNr2uMo
66,Thou,Summit,7,https://www.youtube.com/watch?v=eqmp86d17fM
65,Sleepy Sun,Fever,7,https://www.youtube.com/watch?v=7Hq8WgQ-6Gs
63,Wild Nothing,Gemini,7,https://www.youtube.com/watch?v=0DryZn9n6po
61,TOBACCO,Maniac Meat,7,https://www.youtube.com/watch?v=wwikVZU7CfA
59,LCD Soundsystem,This Is Happening,9,https://www.youtube.com/watch?v=3Hbhb5CGEB0
57,The Black Keys,Brothers,7,https://www.youtube.com/watch?v=0zMQS8YxYNA
55,Janelle Monáe,The ArchAndroid,8,https://www.youtube.com/watch?v=3niVOWuSVF4
54,Holy Fuck,Latin,7,https://www.youtube.com/watch?v=ySXryTlo9Ac
48,Flying Lotus,Cosmogramma,8,https://www.youtube.com/watch?v=KCuamde9Atc
47,Woods,At Echo Lake,8,https://www.youtube.com/watch?v=ncrpTX6jR5w
46,Future Islands,In Evening Air,7,https://www.youtube.com/watch?v=RXEfX-diMwc
44,The New Pornographers,Together,7,https://www.youtube.com/watch?v=Lfw6vPZAUtc
43,Foals,This Orient,7,https://www.youtube.com/watch?v=VXaKHorhNIQ
42,Ariel Pink's Haunted Graffiti,Round and Round,9,https://www.youtube.com/watch?v=3vl5QXJolYU
41,Crystal Castles,(II),7,https://www.youtube.com/watch?v=II-Dj_gtRL4
40,The Radio Dept.,Clinging to a Scheme,8,https://www.youtube.com/watch?v=pkcnbD9DT6o
38,Blur,Fool's Day,8,https://www.youtube.com/watch?v=jd8olhovn6w
37,The Tallest Man On Earth,The Wild Hunt,8,https://www.youtube.com/watch?v=LNlYvkNNX04
35,MGMT,Congratulations,8,https://www.youtube.com/watch?v=G6koCbQeg94
34,Little Women,Throat,9,https://www.youtube.com/watch?v=cndwH6byJnk
32,Harlem,Hippies,7,https://www.youtube.com/watch?v=DxDiyg9IMKU
29,Black Tambourine,Black Tambourine,7,https://www.youtube.com/watch?v=U-xB_onteuA
27,The National,Bloodbuzz Ohio,7,https://www.youtube.com/watch?v=NJ7htMtCxcI
24,MGMT,Flash Delirium,7,https://www.youtube.com/watch?v=_NHyY22Nx4U
22,Gonjasufi,A Sufi and a Killer,9,https://www.youtube.com/watch?v=DokfQZFDxek
18,Daughters,Daughters,8,https://www.youtube.com/watch?v=gHJrGGBcP0E
17,Titus Andronicus,The Monitor,7,https://www.youtube.com/watch?v=D12g4LXpXsI
15,Gorillaz,Plastic Beach,9,https://www.youtube.com/watch?v=XBc-kA0Ean8
14,High on Fire,Snakes for the Divine,8,https://www.youtube.com/watch?v=SFLvAe2k0Z0
13,The Souljazz Orchestra,Rising Sun,8,https://www.youtube.com/watch?v=9EIhfqzJEnk
11,All Pigs Must Die,All Pigs Must Die,7,https://www.youtube.com/watch?v=iE5p3GCzoxI
9,Various Artists,"Pomegranates – Persian Pop, Funk, Folk, and Psych Of The 60s & 70s",8,https://www.youtube.com/watch?v=lwznjIwdyCw
8,Various Artists,Afro-Beat Airways,8,https://www.youtube.com/watch?v=X5fhQd3JGuc
7,Various Artists,Cloud Cuckooland,7,https://www.youtube.com/watch?v=WnoLpkdUDng
6,Teen Daze,Four More Years,7,https://www.youtube.com/watch?v=W86MneOdcW0
5,Noveller,Desert Fires,7,https://www.youtube.com/watch?v=EOJLDZMDS1A
4,Various Artists,Cloud Cuckooland,7,https://www.youtube.com/watch?v=WnoLpkdUDng
3,"Tyler, the Creator",Bastard,7,https://www.youtube.com/watch?v=_2RPGAA6p4E
2,Natural Child,EP,8,https://www.youtube.com/watch?v=HAaEjb9l180
1,Arckanum,ÞÞÞÞÞÞÞÞÞÞÞ,8,https://www.youtube.com/watch?v=GW67m43fgO4
